framework_name,framework_description,framework_type,framework_source,framework_version,framework_is_active,criterion_code,criterion_name,criterion_description,criterion_aliases,criterion_examples,criterion_recommendation_guidance,criterion_evaluation_questions,criterion_is_active
Web Content Accessibility Guidelines (WCAG) 2.2,"W3C accessibility framework for making web content perceivable, operable, understandable, and robust for users with disabilities and generally more usable for all users.",WCAG,W3C - https://www.w3.org/TR/WCAG22/,2.2 - W3C Recommendation 12 December 2024,True,1.1.1,1.1.1 Non-text Content (Level A),"Principle: Perceivable. Guideline 1.1 Text Alternatives: Provide text alternatives for non-text content. Criterion: Text alternatives are provided for meaningful non-text content, while decorative content can be ignored by assistive technology.",non-text content|wcag 1.1.1|wcag A|text alternatives|perceivable|non text|non|text|content|alt text|text alternative|image description,"A diary participant reports difficulty with non-text content, causing the interface to feel inaccessible, unclear, or harder to complete with their preferred input or assistive setup.","Review the interface against WCAG 1.1.1 (A). Ensure the design and implementation satisfy the criterion, then document the specific accessibility barrier, affected users, and concrete remediation steps.","Does the interface satisfy WCAG 1.1.1 Non-text Content?|Could a user relying on assistive technology, keyboard, zoom, captions, or alternative input complete the task?|Is the issue testable and tied to a concrete page, component, or interaction?",True
Web Content Accessibility Guidelines (WCAG) 2.2,"W3C accessibility framework for making web content perceivable, operable, understandable, and robust for users with disabilities and generally more usable for all users.",WCAG,W3C - https://www.w3.org/TR/WCAG22/,2.2 - W3C Recommendation 12 December 2024,True,1.2.1,1.2.1 Audio-only and Video-only (Prerecorded) (Level A),Principle: Perceivable. Guideline 1.2 Time-based Media: Provide alternatives for audio and video content. Criterion: Prerecorded audio-only and video-only media provide equivalent alternatives unless they are clearly labeled media alternatives for text.,audio-only and video-only (prerecorded)|wcag 1.2.1|wcag A|time-based media|perceivable|audio only|audio|only|and|video,"A diary participant reports difficulty with audio-only and video-only (prerecorded), causing the interface to feel inaccessible, unclear, or harder to complete with their preferred input or assistive setup.","Review the interface against WCAG 1.2.1 (A). Ensure the design and implementation satisfy the criterion, then document the specific accessibility barrier, affected users, and concrete remediation steps.","Does the interface satisfy WCAG 1.2.1 Audio-only and Video-only (Prerecorded)?|Could a user relying on assistive technology, keyboard, zoom, captions, or alternative input complete the task?|Is the issue testable and tied to a concrete page, component, or interaction?",True
Web Content Accessibility Guidelines (WCAG) 2.2,"W3C accessibility framework for making web content perceivable, operable, understandable, and robust for users with disabilities and generally more usable for all users.",WCAG,W3C - https://www.w3.org/TR/WCAG22/,2.2 - W3C Recommendation 12 December 2024,True,1.2.2,1.2.2 Captions (Prerecorded) (Level A),"Principle: Perceivable. Guideline 1.2 Time-based Media: Provide alternatives for audio and video content. Criterion: Captions are provided for prerecorded audio in synchronized media, unless the media is a clearly labeled alternative for text.",captions (prerecorded)|wcag 1.2.2|wcag A|time-based media|perceivable|captions,"A diary participant reports difficulty with captions (prerecorded), causing the interface to feel inaccessible, unclear, or harder to complete with their preferred input or assistive setup.","Review the interface against WCAG 1.2.2 (A). Ensure the design and implementation satisfy the criterion, then document the specific accessibility barrier, affected users, and concrete remediation steps.","Does the interface satisfy WCAG 1.2.2 Captions (Prerecorded)?|Could a user relying on assistive technology, keyboard, zoom, captions, or alternative input complete the task?|Is the issue testable and tied to a concrete page, component, or interaction?",True
Web Content Accessibility Guidelines (WCAG) 2.2,"W3C accessibility framework for making web content perceivable, operable, understandable, and robust for users with disabilities and generally more usable for all users.",WCAG,W3C - https://www.w3.org/TR/WCAG22/,2.2 - W3C Recommendation 12 December 2024,True,1.2.3,1.2.3 Audio Description or Media Alternative (Prerecorded) (Level A),"Principle: Perceivable. Guideline 1.2 Time-based Media: Provide alternatives for audio and video content. Criterion: Prerecorded synchronized video content provides audio description or a media alternative, unless already labeled as a media alternative for text.",audio description or media alternative (prerecorded)|wcag 1.2.3|wcag A|time-based media|perceivable|audio description|audio|description|or|media,"A diary participant reports difficulty with audio description or media alternative (prerecorded), causing the interface to feel inaccessible, unclear, or harder to complete with their preferred input or assistive setup.","Review the interface against WCAG 1.2.3 (A). Ensure the design and implementation satisfy the criterion, then document the specific accessibility barrier, affected users, and concrete remediation steps.","Does the interface satisfy WCAG 1.2.3 Audio Description or Media Alternative (Prerecorded)?|Could a user relying on assistive technology, keyboard, zoom, captions, or alternative input complete the task?|Is the issue testable and tied to a concrete page, component, or interaction?",True
Web Content Accessibility Guidelines (WCAG) 2.2,"W3C accessibility framework for making web content perceivable, operable, understandable, and robust for users with disabilities and generally more usable for all users.",WCAG,W3C - https://www.w3.org/TR/WCAG22/,2.2 - W3C Recommendation 12 December 2024,True,1.2.4,1.2.4 Captions (Live) (Level AA),Principle: Perceivable. Guideline 1.2 Time-based Media: Provide alternatives for audio and video content. Criterion: Captions are provided for live audio in synchronized media.,captions (live)|wcag 1.2.4|wcag AA|time-based media|perceivable|captions,"A diary participant reports difficulty with captions (live), causing the interface to feel inaccessible, unclear, or harder to complete with their preferred input or assistive setup.","Review the interface against WCAG 1.2.4 (AA). Ensure the design and implementation satisfy the criterion, then document the specific accessibility barrier, affected users, and concrete remediation steps.","Does the interface satisfy WCAG 1.2.4 Captions (Live)?|Could a user relying on assistive technology, keyboard, zoom, captions, or alternative input complete the task?|Is the issue testable and tied to a concrete page, component, or interaction?",True
Web Content Accessibility Guidelines (WCAG) 2.2,"W3C accessibility framework for making web content perceivable, operable, understandable, and robust for users with disabilities and generally more usable for all users.",WCAG,W3C - https://www.w3.org/TR/WCAG22/,2.2 - W3C Recommendation 12 December 2024,True,1.2.5,1.2.5 Audio Description (Prerecorded) (Level AA),Principle: Perceivable. Guideline 1.2 Time-based Media: Provide alternatives for audio and video content. Criterion: Audio description is provided for prerecorded video in synchronized media.,audio description (prerecorded)|wcag 1.2.5|wcag AA|time-based media|perceivable|audio description|audio|description,"A diary participant reports difficulty with audio description (prerecorded), causing the interface to feel inaccessible, unclear, or harder to complete with their preferred input or assistive setup.","Review the interface against WCAG 1.2.5 (AA). Ensure the design and implementation satisfy the criterion, then document the specific accessibility barrier, affected users, and concrete remediation steps.","Does the interface satisfy WCAG 1.2.5 Audio Description (Prerecorded)?|Could a user relying on assistive technology, keyboard, zoom, captions, or alternative input complete the task?|Is the issue testable and tied to a concrete page, component, or interaction?",True
Web Content Accessibility Guidelines (WCAG) 2.2,"W3C accessibility framework for making web content perceivable, operable, understandable, and robust for users with disabilities and generally more usable for all users.",WCAG,W3C - https://www.w3.org/TR/WCAG22/,2.2 - W3C Recommendation 12 December 2024,True,1.2.6,1.2.6 Sign Language (Prerecorded) (Level AAA),Principle: Perceivable. Guideline 1.2 Time-based Media: Provide alternatives for audio and video content. Criterion: Sign language interpretation is provided for prerecorded audio in synchronized media.,sign language (prerecorded)|wcag 1.2.6|wcag AAA|time-based media|perceivable|sign language|sign|language,"A diary participant reports difficulty with sign language (prerecorded), causing the interface to feel inaccessible, unclear, or harder to complete with their preferred input or assistive setup.","Review the interface against WCAG 1.2.6 (AAA). Ensure the design and implementation satisfy the criterion, then document the specific accessibility barrier, affected users, and concrete remediation steps.","Does the interface satisfy WCAG 1.2.6 Sign Language (Prerecorded)?|Could a user relying on assistive technology, keyboard, zoom, captions, or alternative input complete the task?|Is the issue testable and tied to a concrete page, component, or interaction?|Is this criterion required for the project scope, or should it be treated as aspirational guidance?",True
Web Content Accessibility Guidelines (WCAG) 2.2,"W3C accessibility framework for making web content perceivable, operable, understandable, and robust for users with disabilities and generally more usable for all users.",WCAG,W3C - https://www.w3.org/TR/WCAG22/,2.2 - W3C Recommendation 12 December 2024,True,1.2.7,1.2.7 Extended Audio Description (Prerecorded) (Level AAA),Principle: Perceivable. Guideline 1.2 Time-based Media: Provide alternatives for audio and video content. Criterion: Extended audio description is provided when normal pauses are not enough to convey video meaning.,extended audio description (prerecorded)|wcag 1.2.7|wcag AAA|time-based media|perceivable|extended audio|extended|audio|description,"A diary participant reports difficulty with extended audio description (prerecorded), causing the interface to feel inaccessible, unclear, or harder to complete with their preferred input or assistive setup.","Review the interface against WCAG 1.2.7 (AAA). Ensure the design and implementation satisfy the criterion, then document the specific accessibility barrier, affected users, and concrete remediation steps.","Does the interface satisfy WCAG 1.2.7 Extended Audio Description (Prerecorded)?|Could a user relying on assistive technology, keyboard, zoom, captions, or alternative input complete the task?|Is the issue testable and tied to a concrete page, component, or interaction?|Is this criterion required for the project scope, or should it be treated as aspirational guidance?",True
Web Content Accessibility Guidelines (WCAG) 2.2,"W3C accessibility framework for making web content perceivable, operable, understandable, and robust for users with disabilities and generally more usable for all users.",WCAG,W3C - https://www.w3.org/TR/WCAG22/,2.2 - W3C Recommendation 12 December 2024,True,1.2.8,1.2.8 Media Alternative (Prerecorded) (Level AAA),Principle: Perceivable. Guideline 1.2 Time-based Media: Provide alternatives for audio and video content. Criterion: A media alternative is provided for prerecorded synchronized media and prerecorded video-only media.,media alternative (prerecorded)|wcag 1.2.8|wcag AAA|time-based media|perceivable|media alternative|media|alternative,"A diary participant reports difficulty with media alternative (prerecorded), causing the interface to feel inaccessible, unclear, or harder to complete with their preferred input or assistive setup.","Review the interface against WCAG 1.2.8 (AAA). Ensure the design and implementation satisfy the criterion, then document the specific accessibility barrier, affected users, and concrete remediation steps.","Does the interface satisfy WCAG 1.2.8 Media Alternative (Prerecorded)?|Could a user relying on assistive technology, keyboard, zoom, captions, or alternative input complete the task?|Is the issue testable and tied to a concrete page, component, or interaction?|Is this criterion required for the project scope, or should it be treated as aspirational guidance?",True
Web Content Accessibility Guidelines (WCAG) 2.2,"W3C accessibility framework for making web content perceivable, operable, understandable, and robust for users with disabilities and generally more usable for all users.",WCAG,W3C - https://www.w3.org/TR/WCAG22/,2.2 - W3C Recommendation 12 December 2024,True,1.2.9,1.2.9 Audio-only (Live) (Level AAA),Principle: Perceivable. Guideline 1.2 Time-based Media: Provide alternatives for audio and video content. Criterion: An equivalent alternative is provided for live audio-only content.,audio-only (live)|wcag 1.2.9|wcag AAA|time-based media|perceivable|audio only|audio|only,"A diary participant reports difficulty with audio-only (live), causing the interface to feel inaccessible, unclear, or harder to complete with their preferred input or assistive setup.","Review the interface against WCAG 1.2.9 (AAA). Ensure the design and implementation satisfy the criterion, then document the specific accessibility barrier, affected users, and concrete remediation steps.","Does the interface satisfy WCAG 1.2.9 Audio-only (Live)?|Could a user relying on assistive technology, keyboard, zoom, captions, or alternative input complete the task?|Is the issue testable and tied to a concrete page, component, or interaction?|Is this criterion required for the project scope, or should it be treated as aspirational guidance?",True
Web Content Accessibility Guidelines (WCAG) 2.2,"W3C accessibility framework for making web content perceivable, operable, understandable, and robust for users with disabilities and generally more usable for all users.",WCAG,W3C - https://www.w3.org/TR/WCAG22/,2.2 - W3C Recommendation 12 December 2024,True,1.3.1,1.3.1 Info and Relationships (Level A),"Principle: Perceivable. Guideline 1.3 Adaptable: Create content that can be presented in different ways without losing information or structure. Criterion: Information, structure, and relationships conveyed visually or auditorily can be programmatically determined or are available in text.",info and relationships|wcag 1.3.1|wcag A|adaptable|perceivable|info and|info|and|relationships,"A diary participant reports difficulty with info and relationships, causing the interface to feel inaccessible, unclear, or harder to complete with their preferred input or assistive setup.","Review the interface against WCAG 1.3.1 (A). Ensure the design and implementation satisfy the criterion, then document the specific accessibility barrier, affected users, and concrete remediation steps.","Does the interface satisfy WCAG 1.3.1 Info and Relationships?|Could a user relying on assistive technology, keyboard, zoom, captions, or alternative input complete the task?|Is the issue testable and tied to a concrete page, component, or interaction?",True
Web Content Accessibility Guidelines (WCAG) 2.2,"W3C accessibility framework for making web content perceivable, operable, understandable, and robust for users with disabilities and generally more usable for all users.",WCAG,W3C - https://www.w3.org/TR/WCAG22/,2.2 - W3C Recommendation 12 December 2024,True,1.3.2,1.3.2 Meaningful Sequence (Level A),"Principle: Perceivable. Guideline 1.3 Adaptable: Create content that can be presented in different ways without losing information or structure. Criterion: When presentation sequence affects meaning, the correct reading order can be programmatically determined.",meaningful sequence|wcag 1.3.2|wcag A|adaptable|perceivable|meaningful|sequence,"A diary participant reports difficulty with meaningful sequence, causing the interface to feel inaccessible, unclear, or harder to complete with their preferred input or assistive setup.","Review the interface against WCAG 1.3.2 (A). Ensure the design and implementation satisfy the criterion, then document the specific accessibility barrier, affected users, and concrete remediation steps.","Does the interface satisfy WCAG 1.3.2 Meaningful Sequence?|Could a user relying on assistive technology, keyboard, zoom, captions, or alternative input complete the task?|Is the issue testable and tied to a concrete page, component, or interaction?",True
Web Content Accessibility Guidelines (WCAG) 2.2,"W3C accessibility framework for making web content perceivable, operable, understandable, and robust for users with disabilities and generally more usable for all users.",WCAG,W3C - https://www.w3.org/TR/WCAG22/,2.2 - W3C Recommendation 12 December 2024,True,1.3.3,1.3.3 Sensory Characteristics (Level A),"Principle: Perceivable. Guideline 1.3 Adaptable: Create content that can be presented in different ways without losing information or structure. Criterion: Instructions do not rely only on sensory traits such as shape, color, size, visual location, orientation, or sound.",sensory characteristics|wcag 1.3.3|wcag A|adaptable|perceivable|sensory|characteristics,"A diary participant reports difficulty with sensory characteristics, causing the interface to feel inaccessible, unclear, or harder to complete with their preferred input or assistive setup.","Review the interface against WCAG 1.3.3 (A). Ensure the design and implementation satisfy the criterion, then document the specific accessibility barrier, affected users, and concrete remediation steps.","Does the interface satisfy WCAG 1.3.3 Sensory Characteristics?|Could a user relying on assistive technology, keyboard, zoom, captions, or alternative input complete the task?|Is the issue testable and tied to a concrete page, component, or interaction?",True
Web Content Accessibility Guidelines (WCAG) 2.2,"W3C accessibility framework for making web content perceivable, operable, understandable, and robust for users with disabilities and generally more usable for all users.",WCAG,W3C - https://www.w3.org/TR/WCAG22/,2.2 - W3C Recommendation 12 December 2024,True,1.3.4,1.3.4 Orientation (Level AA),Principle: Perceivable. Guideline 1.3 Adaptable: Create content that can be presented in different ways without losing information or structure. Criterion: Content does not force a single display orientation unless that orientation is essential.,orientation|wcag 1.3.4|wcag AA|adaptable|perceivable,"A diary participant reports difficulty with orientation, causing the interface to feel inaccessible, unclear, or harder to complete with their preferred input or assistive setup.","Review the interface against WCAG 1.3.4 (AA). Ensure the design and implementation satisfy the criterion, then document the specific accessibility barrier, affected users, and concrete remediation steps.","Does the interface satisfy WCAG 1.3.4 Orientation?|Could a user relying on assistive technology, keyboard, zoom, captions, or alternative input complete the task?|Is the issue testable and tied to a concrete page, component, or interaction?",True
Web Content Accessibility Guidelines (WCAG) 2.2,"W3C accessibility framework for making web content perceivable, operable, understandable, and robust for users with disabilities and generally more usable for all users.",WCAG,W3C - https://www.w3.org/TR/WCAG22/,2.2 - W3C Recommendation 12 December 2024,True,1.3.5,1.3.5 Identify Input Purpose (Level AA),Principle: Perceivable. Guideline 1.3 Adaptable: Create content that can be presented in different ways without losing information or structure. Criterion: The purpose of input fields collecting user information can be programmatically determined when supported by the technology.,identify input purpose|wcag 1.3.5|wcag AA|adaptable|perceivable|identify input|identify|input|purpose,"A diary participant reports difficulty with identify input purpose, causing the interface to feel inaccessible, unclear, or harder to complete with their preferred input or assistive setup.","Review the interface against WCAG 1.3.5 (AA). Ensure the design and implementation satisfy the criterion, then document the specific accessibility barrier, affected users, and concrete remediation steps.","Does the interface satisfy WCAG 1.3.5 Identify Input Purpose?|Could a user relying on assistive technology, keyboard, zoom, captions, or alternative input complete the task?|Is the issue testable and tied to a concrete page, component, or interaction?",True
Web Content Accessibility Guidelines (WCAG) 2.2,"W3C accessibility framework for making web content perceivable, operable, understandable, and robust for users with disabilities and generally more usable for all users.",WCAG,W3C - https://www.w3.org/TR/WCAG22/,2.2 - W3C Recommendation 12 December 2024,True,1.3.6,1.3.6 Identify Purpose (Level AAA),"Principle: Perceivable. Guideline 1.3 Adaptable: Create content that can be presented in different ways without losing information or structure. Criterion: The purpose of interface components, icons, and regions can be programmatically determined in markup-based content.",identify purpose|wcag 1.3.6|wcag AAA|adaptable|perceivable|identify|purpose,"A diary participant reports difficulty with identify purpose, causing the interface to feel inaccessible, unclear, or harder to complete with their preferred input or assistive setup.","Review the interface against WCAG 1.3.6 (AAA). Ensure the design and implementation satisfy the criterion, then document the specific accessibility barrier, affected users, and concrete remediation steps.","Does the interface satisfy WCAG 1.3.6 Identify Purpose?|Could a user relying on assistive technology, keyboard, zoom, captions, or alternative input complete the task?|Is the issue testable and tied to a concrete page, component, or interaction?|Is this criterion required for the project scope, or should it be treated as aspirational guidance?",True
Web Content Accessibility Guidelines (WCAG) 2.2,"W3C accessibility framework for making web content perceivable, operable, understandable, and robust for users with disabilities and generally more usable for all users.",WCAG,W3C - https://www.w3.org/TR/WCAG22/,2.2 - W3C Recommendation 12 December 2024,True,1.4.1,1.4.1 Use of Color (Level A),"Principle: Perceivable. Guideline 1.4 Distinguishable: Make it easier for users to see and hear content. Criterion: Color is not the only way to convey information, indicate actions, request responses, or distinguish elements.",use of color|wcag 1.4.1|wcag A|distinguishable|perceivable|use of|use|of|color,"A diary participant reports difficulty with use of color, causing the interface to feel inaccessible, unclear, or harder to complete with their preferred input or assistive setup.","Review the interface against WCAG 1.4.1 (A). Ensure the design and implementation satisfy the criterion, then document the specific accessibility barrier, affected users, and concrete remediation steps.","Does the interface satisfy WCAG 1.4.1 Use of Color?|Could a user relying on assistive technology, keyboard, zoom, captions, or alternative input complete the task?|Is the issue testable and tied to a concrete page, component, or interaction?",True
Web Content Accessibility Guidelines (WCAG) 2.2,"W3C accessibility framework for making web content perceivable, operable, understandable, and robust for users with disabilities and generally more usable for all users.",WCAG,W3C - https://www.w3.org/TR/WCAG22/,2.2 - W3C Recommendation 12 December 2024,True,1.4.2,1.4.2 Audio Control (Level A),"Principle: Perceivable. Guideline 1.4 Distinguishable: Make it easier for users to see and hear content. Criterion: Audio that plays automatically for more than three seconds can be paused, stopped, or controlled independently.",audio control|wcag 1.4.2|wcag A|distinguishable|perceivable|audio|control,"A diary participant reports difficulty with audio control, causing the interface to feel inaccessible, unclear, or harder to complete with their preferred input or assistive setup.","Review the interface against WCAG 1.4.2 (A). Ensure the design and implementation satisfy the criterion, then document the specific accessibility barrier, affected users, and concrete remediation steps.","Does the interface satisfy WCAG 1.4.2 Audio Control?|Could a user relying on assistive technology, keyboard, zoom, captions, or alternative input complete the task?|Is the issue testable and tied to a concrete page, component, or interaction?",True
Web Content Accessibility Guidelines (WCAG) 2.2,"W3C accessibility framework for making web content perceivable, operable, understandable, and robust for users with disabilities and generally more usable for all users.",WCAG,W3C - https://www.w3.org/TR/WCAG22/,2.2 - W3C Recommendation 12 December 2024,True,1.4.3,1.4.3 Contrast (Minimum) (Level AA),"Principle: Perceivable. Guideline 1.4 Distinguishable: Make it easier for users to see and hear content. Criterion: Text and images of text meet minimum contrast requirements, with defined exceptions for large, incidental, or logo text.",contrast (minimum)|wcag 1.4.3|wcag AA|distinguishable|perceivable|contrast|color contrast|minimum contrast|readability,"A diary participant reports difficulty with contrast (minimum), causing the interface to feel inaccessible, unclear, or harder to complete with their preferred input or assistive setup.","Review the interface against WCAG 1.4.3 (AA). Ensure the design and implementation satisfy the criterion, then document the specific accessibility barrier, affected users, and concrete remediation steps.","Does the interface satisfy WCAG 1.4.3 Contrast (Minimum)?|Could a user relying on assistive technology, keyboard, zoom, captions, or alternative input complete the task?|Is the issue testable and tied to a concrete page, component, or interaction?",True
Web Content Accessibility Guidelines (WCAG) 2.2,"W3C accessibility framework for making web content perceivable, operable, understandable, and robust for users with disabilities and generally more usable for all users.",WCAG,W3C - https://www.w3.org/TR/WCAG22/,2.2 - W3C Recommendation 12 December 2024,True,1.4.4,1.4.4 Resize Text (Level AA),Principle: Perceivable. Guideline 1.4 Distinguishable: Make it easier for users to see and hear content. Criterion: Text can be resized up to 200 percent without assistive technology and without loss of content or functionality.,resize text|wcag 1.4.4|wcag AA|distinguishable|perceivable|resize|text,"A diary participant reports difficulty with resize text, causing the interface to feel inaccessible, unclear, or harder to complete with their preferred input or assistive setup.","Review the interface against WCAG 1.4.4 (AA). Ensure the design and implementation satisfy the criterion, then document the specific accessibility barrier, affected users, and concrete remediation steps.","Does the interface satisfy WCAG 1.4.4 Resize Text?|Could a user relying on assistive technology, keyboard, zoom, captions, or alternative input complete the task?|Is the issue testable and tied to a concrete page, component, or interaction?",True
Web Content Accessibility Guidelines (WCAG) 2.2,"W3C accessibility framework for making web content perceivable, operable, understandable, and robust for users with disabilities and generally more usable for all users.",WCAG,W3C - https://www.w3.org/TR/WCAG22/,2.2 - W3C Recommendation 12 December 2024,True,1.4.5,1.4.5 Images of Text (Level AA),"Principle: Perceivable. Guideline 1.4 Distinguishable: Make it easier for users to see and hear content. Criterion: Text is used instead of images of text when the technology can achieve the same visual presentation, except where essential or customizable.",images of text|wcag 1.4.5|wcag AA|distinguishable|perceivable|images of|images|of|text,"A diary participant reports difficulty with images of text, causing the interface to feel inaccessible, unclear, or harder to complete with their preferred input or assistive setup.","Review the interface against WCAG 1.4.5 (AA). Ensure the design and implementation satisfy the criterion, then document the specific accessibility barrier, affected users, and concrete remediation steps.","Does the interface satisfy WCAG 1.4.5 Images of Text?|Could a user relying on assistive technology, keyboard, zoom, captions, or alternative input complete the task?|Is the issue testable and tied to a concrete page, component, or interaction?",True
Web Content Accessibility Guidelines (WCAG) 2.2,"W3C accessibility framework for making web content perceivable, operable, understandable, and robust for users with disabilities and generally more usable for all users.",WCAG,W3C - https://www.w3.org/TR/WCAG22/,2.2 - W3C Recommendation 12 December 2024,True,1.4.6,1.4.6 Contrast (Enhanced) (Level AAA),"Principle: Perceivable. Guideline 1.4 Distinguishable: Make it easier for users to see and hear content. Criterion: Text and images of text meet enhanced contrast requirements, with defined exceptions.",contrast (enhanced)|wcag 1.4.6|wcag AAA|distinguishable|perceivable|contrast,"A diary participant reports difficulty with contrast (enhanced), causing the interface to feel inaccessible, unclear, or harder to complete with their preferred input or assistive setup.","Review the interface against WCAG 1.4.6 (AAA). Ensure the design and implementation satisfy the criterion, then document the specific accessibility barrier, affected users, and concrete remediation steps.","Does the interface satisfy WCAG 1.4.6 Contrast (Enhanced)?|Could a user relying on assistive technology, keyboard, zoom, captions, or alternative input complete the task?|Is the issue testable and tied to a concrete page, component, or interaction?|Is this criterion required for the project scope, or should it be treated as aspirational guidance?",True
Web Content Accessibility Guidelines (WCAG) 2.2,"W3C accessibility framework for making web content perceivable, operable, understandable, and robust for users with disabilities and generally more usable for all users.",WCAG,W3C - https://www.w3.org/TR/WCAG22/,2.2 - W3C Recommendation 12 December 2024,True,1.4.7,1.4.7 Low or No Background Audio (Level AAA),"Principle: Perceivable. Guideline 1.4 Distinguishable: Make it easier for users to see and hear content. Criterion: Prerecorded speech audio has no background sound, allows background sound to be turned off, or keeps background audio sufficiently low.",low or no background audio|wcag 1.4.7|wcag AAA|distinguishable|perceivable|low or|low|or|no|background,"A diary participant reports difficulty with low or no background audio, causing the interface to feel inaccessible, unclear, or harder to complete with their preferred input or assistive setup.","Review the interface against WCAG 1.4.7 (AAA). Ensure the design and implementation satisfy the criterion, then document the specific accessibility barrier, affected users, and concrete remediation steps.","Does the interface satisfy WCAG 1.4.7 Low or No Background Audio?|Could a user relying on assistive technology, keyboard, zoom, captions, or alternative input complete the task?|Is the issue testable and tied to a concrete page, component, or interaction?|Is this criterion required for the project scope, or should it be treated as aspirational guidance?",True
Web Content Accessibility Guidelines (WCAG) 2.2,"W3C accessibility framework for making web content perceivable, operable, understandable, and robust for users with disabilities and generally more usable for all users.",WCAG,W3C - https://www.w3.org/TR/WCAG22/,2.2 - W3C Recommendation 12 December 2024,True,1.4.8,1.4.8 Visual Presentation (Level AAA),"Principle: Perceivable. Guideline 1.4 Distinguishable: Make it easier for users to see and hear content. Criterion: Users can adjust visual presentation of blocks of text, including colors, width, alignment, spacing, and resizing.",visual presentation|wcag 1.4.8|wcag AAA|distinguishable|perceivable|visual|presentation,"A diary participant reports difficulty with visual presentation, causing the interface to feel inaccessible, unclear, or harder to complete with their preferred input or assistive setup.","Review the interface against WCAG 1.4.8 (AAA). Ensure the design and implementation satisfy the criterion, then document the specific accessibility barrier, affected users, and concrete remediation steps.","Does the interface satisfy WCAG 1.4.8 Visual Presentation?|Could a user relying on assistive technology, keyboard, zoom, captions, or alternative input complete the task?|Is the issue testable and tied to a concrete page, component, or interaction?|Is this criterion required for the project scope, or should it be treated as aspirational guidance?",True
Web Content Accessibility Guidelines (WCAG) 2.2,"W3C accessibility framework for making web content perceivable, operable, understandable, and robust for users with disabilities and generally more usable for all users.",WCAG,W3C - https://www.w3.org/TR/WCAG22/,2.2 - W3C Recommendation 12 December 2024,True,1.4.9,1.4.9 Images of Text (No Exception) (Level AAA),Principle: Perceivable. Guideline 1.4 Distinguishable: Make it easier for users to see and hear content. Criterion: Images of text are used only for decoration or where the exact text presentation is essential.,images of text (no exception)|wcag 1.4.9|wcag AAA|distinguishable|perceivable|images of|images|of|text,"A diary participant reports difficulty with images of text (no exception), causing the interface to feel inaccessible, unclear, or harder to complete with their preferred input or assistive setup.","Review the interface against WCAG 1.4.9 (AAA). Ensure the design and implementation satisfy the criterion, then document the specific accessibility barrier, affected users, and concrete remediation steps.","Does the interface satisfy WCAG 1.4.9 Images of Text (No Exception)?|Could a user relying on assistive technology, keyboard, zoom, captions, or alternative input complete the task?|Is the issue testable and tied to a concrete page, component, or interaction?|Is this criterion required for the project scope, or should it be treated as aspirational guidance?",True
Web Content Accessibility Guidelines (WCAG) 2.2,"W3C accessibility framework for making web content perceivable, operable, understandable, and robust for users with disabilities and generally more usable for all users.",WCAG,W3C - https://www.w3.org/TR/WCAG22/,2.2 - W3C Recommendation 12 December 2024,True,1.4.10,1.4.10 Reflow (Level AA),"Principle: Perceivable. Guideline 1.4 Distinguishable: Make it easier for users to see and hear content. Criterion: Content can reflow without loss of information or functionality and without requiring two-dimensional scrolling, except where two-dimensional layout is essential.",reflow|wcag 1.4.10|wcag AA|distinguishable|perceivable|responsive layout|horizontal scrolling|mobile zoom,"A diary participant reports difficulty with reflow, causing the interface to feel inaccessible, unclear, or harder to complete with their preferred input or assistive setup.","Review the interface against WCAG 1.4.10 (AA). Ensure the design and implementation satisfy the criterion, then document the specific accessibility barrier, affected users, and concrete remediation steps.","Does the interface satisfy WCAG 1.4.10 Reflow?|Could a user relying on assistive technology, keyboard, zoom, captions, or alternative input complete the task?|Is the issue testable and tied to a concrete page, component, or interaction?",True
Web Content Accessibility Guidelines (WCAG) 2.2,"W3C accessibility framework for making web content perceivable, operable, understandable, and robust for users with disabilities and generally more usable for all users.",WCAG,W3C - https://www.w3.org/TR/WCAG22/,2.2 - W3C Recommendation 12 December 2024,True,1.4.11,1.4.11 Non-text Contrast (Level AA),"Principle: Perceivable. Guideline 1.4 Distinguishable: Make it easier for users to see and hear content. Criterion: Visual information needed to identify interface components, states, and graphical objects has sufficient contrast against adjacent colors.",non-text contrast|wcag 1.4.11|wcag AA|distinguishable|perceivable|non text|non|text|contrast,"A diary participant reports difficulty with non-text contrast, causing the interface to feel inaccessible, unclear, or harder to complete with their preferred input or assistive setup.","Review the interface against WCAG 1.4.11 (AA). Ensure the design and implementation satisfy the criterion, then document the specific accessibility barrier, affected users, and concrete remediation steps.","Does the interface satisfy WCAG 1.4.11 Non-text Contrast?|Could a user relying on assistive technology, keyboard, zoom, captions, or alternative input complete the task?|Is the issue testable and tied to a concrete page, component, or interaction?",True
Web Content Accessibility Guidelines (WCAG) 2.2,"W3C accessibility framework for making web content perceivable, operable, understandable, and robust for users with disabilities and generally more usable for all users.",WCAG,W3C - https://www.w3.org/TR/WCAG22/,2.2 - W3C Recommendation 12 December 2024,True,1.4.12,1.4.12 Text Spacing (Level AA),"Principle: Perceivable. Guideline 1.4 Distinguishable: Make it easier for users to see and hear content. Criterion: Content remains usable when users override text spacing properties such as line height, paragraph spacing, letter spacing, and word spacing.",text spacing|wcag 1.4.12|wcag AA|distinguishable|perceivable|text|spacing,"A diary participant reports difficulty with text spacing, causing the interface to feel inaccessible, unclear, or harder to complete with their preferred input or assistive setup.","Review the interface against WCAG 1.4.12 (AA). Ensure the design and implementation satisfy the criterion, then document the specific accessibility barrier, affected users, and concrete remediation steps.","Does the interface satisfy WCAG 1.4.12 Text Spacing?|Could a user relying on assistive technology, keyboard, zoom, captions, or alternative input complete the task?|Is the issue testable and tied to a concrete page, component, or interaction?",True
Web Content Accessibility Guidelines (WCAG) 2.2,"W3C accessibility framework for making web content perceivable, operable, understandable, and robust for users with disabilities and generally more usable for all users.",WCAG,W3C - https://www.w3.org/TR/WCAG22/,2.2 - W3C Recommendation 12 December 2024,True,1.4.13,1.4.13 Content on Hover or Focus (Level AA),"Principle: Perceivable. Guideline 1.4 Distinguishable: Make it easier for users to see and hear content. Criterion: Additional content triggered by hover or focus is dismissible, hoverable, and persistent unless exceptions apply.",content on hover or focus|wcag 1.4.13|wcag AA|distinguishable|perceivable|content on|content|on|hover|or,"A diary participant reports difficulty with content on hover or focus, causing the interface to feel inaccessible, unclear, or harder to complete with their preferred input or assistive setup.","Review the interface against WCAG 1.4.13 (AA). Ensure the design and implementation satisfy the criterion, then document the specific accessibility barrier, affected users, and concrete remediation steps.","Does the interface satisfy WCAG 1.4.13 Content on Hover or Focus?|Could a user relying on assistive technology, keyboard, zoom, captions, or alternative input complete the task?|Is the issue testable and tied to a concrete page, component, or interaction?",True
Web Content Accessibility Guidelines (WCAG) 2.2,"W3C accessibility framework for making web content perceivable, operable, understandable, and robust for users with disabilities and generally more usable for all users.",WCAG,W3C - https://www.w3.org/TR/WCAG22/,2.2 - W3C Recommendation 12 December 2024,True,2.1.1,2.1.1 Keyboard (Level A),"Principle: Operable. Guideline 2.1 Keyboard Accessible: Make all functionality available from a keyboard. Criterion: All functionality is operable through a keyboard interface without requiring specific timing, except for path-dependent input.",keyboard|wcag 2.1.1|wcag A|keyboard accessible|operable|keyboard access|keyboard navigation|no mouse required,"A diary participant reports difficulty with keyboard, causing the interface to feel inaccessible, unclear, or harder to complete with their preferred input or assistive setup.","Review the interface against WCAG 2.1.1 (A). Ensure the design and implementation satisfy the criterion, then document the specific accessibility barrier, affected users, and concrete remediation steps.","Does the interface satisfy WCAG 2.1.1 Keyboard?|Could a user relying on assistive technology, keyboard, zoom, captions, or alternative input complete the task?|Is the issue testable and tied to a concrete page, component, or interaction?",True
Web Content Accessibility Guidelines (WCAG) 2.2,"W3C accessibility framework for making web content perceivable, operable, understandable, and robust for users with disabilities and generally more usable for all users.",WCAG,W3C - https://www.w3.org/TR/WCAG22/,2.2 - W3C Recommendation 12 December 2024,True,2.1.2,2.1.2 No Keyboard Trap (Level A),"Principle: Operable. Guideline 2.1 Keyboard Accessible: Make all functionality available from a keyboard. Criterion: Keyboard focus can move away from components using only the keyboard, and non-standard exit methods are communicated.",no keyboard trap|wcag 2.1.2|wcag A|keyboard accessible|operable|no keyboard|no|keyboard|trap,"A diary participant reports difficulty with no keyboard trap, causing the interface to feel inaccessible, unclear, or harder to complete with their preferred input or assistive setup.","Review the interface against WCAG 2.1.2 (A). Ensure the design and implementation satisfy the criterion, then document the specific accessibility barrier, affected users, and concrete remediation steps.","Does the interface satisfy WCAG 2.1.2 No Keyboard Trap?|Could a user relying on assistive technology, keyboard, zoom, captions, or alternative input complete the task?|Is the issue testable and tied to a concrete page, component, or interaction?",True
Web Content Accessibility Guidelines (WCAG) 2.2,"W3C accessibility framework for making web content perceivable, operable, understandable, and robust for users with disabilities and generally more usable for all users.",WCAG,W3C - https://www.w3.org/TR/WCAG22/,2.2 - W3C Recommendation 12 December 2024,True,2.1.3,2.1.3 Keyboard (No Exception) (Level AAA),Principle: Operable. Guideline 2.1 Keyboard Accessible: Make all functionality available from a keyboard. Criterion: All functionality is operable through a keyboard interface without exception for path-dependent input.,keyboard (no exception)|wcag 2.1.3|wcag AAA|keyboard accessible|operable|keyboard,"A diary participant reports difficulty with keyboard (no exception), causing the interface to feel inaccessible, unclear, or harder to complete with their preferred input or assistive setup.","Review the interface against WCAG 2.1.3 (AAA). Ensure the design and implementation satisfy the criterion, then document the specific accessibility barrier, affected users, and concrete remediation steps.","Does the interface satisfy WCAG 2.1.3 Keyboard (No Exception)?|Could a user relying on assistive technology, keyboard, zoom, captions, or alternative input complete the task?|Is the issue testable and tied to a concrete page, component, or interaction?|Is this criterion required for the project scope, or should it be treated as aspirational guidance?",True
Web Content Accessibility Guidelines (WCAG) 2.2,"W3C accessibility framework for making web content perceivable, operable, understandable, and robust for users with disabilities and generally more usable for all users.",WCAG,W3C - https://www.w3.org/TR/WCAG22/,2.2 - W3C Recommendation 12 December 2024,True,2.1.4,2.1.4 Character Key Shortcuts (Level A),"Principle: Operable. Guideline 2.1 Keyboard Accessible: Make all functionality available from a keyboard. Criterion: Single-character keyboard shortcuts can be turned off, remapped, or active only when the relevant component has focus.",character key shortcuts|wcag 2.1.4|wcag A|keyboard accessible|operable|character key|character|key|shortcuts,"A diary participant reports difficulty with character key shortcuts, causing the interface to feel inaccessible, unclear, or harder to complete with their preferred input or assistive setup.","Review the interface against WCAG 2.1.4 (A). Ensure the design and implementation satisfy the criterion, then document the specific accessibility barrier, affected users, and concrete remediation steps.","Does the interface satisfy WCAG 2.1.4 Character Key Shortcuts?|Could a user relying on assistive technology, keyboard, zoom, captions, or alternative input complete the task?|Is the issue testable and tied to a concrete page, component, or interaction?",True
Web Content Accessibility Guidelines (WCAG) 2.2,"W3C accessibility framework for making web content perceivable, operable, understandable, and robust for users with disabilities and generally more usable for all users.",WCAG,W3C - https://www.w3.org/TR/WCAG22/,2.2 - W3C Recommendation 12 December 2024,True,2.2.1,2.2.1 Timing Adjustable (Level A),"Principle: Operable. Guideline 2.2 Enough Time: Give users enough time to read and use content. Criterion: Users can turn off, adjust, or extend content time limits unless defined exceptions apply.",timing adjustable|wcag 2.2.1|wcag A|enough time|operable|timing|adjustable,"A diary participant reports difficulty with timing adjustable, causing the interface to feel inaccessible, unclear, or harder to complete with their preferred input or assistive setup.","Review the interface against WCAG 2.2.1 (A). Ensure the design and implementation satisfy the criterion, then document the specific accessibility barrier, affected users, and concrete remediation steps.","Does the interface satisfy WCAG 2.2.1 Timing Adjustable?|Could a user relying on assistive technology, keyboard, zoom, captions, or alternative input complete the task?|Is the issue testable and tied to a concrete page, component, or interaction?",True
Web Content Accessibility Guidelines (WCAG) 2.2,"W3C accessibility framework for making web content perceivable, operable, understandable, and robust for users with disabilities and generally more usable for all users.",WCAG,W3C - https://www.w3.org/TR/WCAG22/,2.2 - W3C Recommendation 12 December 2024,True,2.2.2,"2.2.2 Pause, Stop, Hide (Level A)","Principle: Operable. Guideline 2.2 Enough Time: Give users enough time to read and use content. Criterion: Moving, blinking, scrolling, or auto-updating information can be paused, stopped, hidden, or controlled unless essential.","pause, stop, hide|wcag 2.2.2|wcag A|enough time|operable|pause stop|pause|stop|hide","A diary participant reports difficulty with pause, stop, hide, causing the interface to feel inaccessible, unclear, or harder to complete with their preferred input or assistive setup.","Review the interface against WCAG 2.2.2 (A). Ensure the design and implementation satisfy the criterion, then document the specific accessibility barrier, affected users, and concrete remediation steps.","Does the interface satisfy WCAG 2.2.2 Pause, Stop, Hide?|Could a user relying on assistive technology, keyboard, zoom, captions, or alternative input complete the task?|Is the issue testable and tied to a concrete page, component, or interaction?",True
Web Content Accessibility Guidelines (WCAG) 2.2,"W3C accessibility framework for making web content perceivable, operable, understandable, and robust for users with disabilities and generally more usable for all users.",WCAG,W3C - https://www.w3.org/TR/WCAG22/,2.2 - W3C Recommendation 12 December 2024,True,2.2.3,2.2.3 No Timing (Level AAA),"Principle: Operable. Guideline 2.2 Enough Time: Give users enough time to read and use content. Criterion: Timing is not an essential part of the event or activity, except for synchronized media and real-time events.",no timing|wcag 2.2.3|wcag AAA|enough time|operable|no|timing,"A diary participant reports difficulty with no timing, causing the interface to feel inaccessible, unclear, or harder to complete with their preferred input or assistive setup.","Review the interface against WCAG 2.2.3 (AAA). Ensure the design and implementation satisfy the criterion, then document the specific accessibility barrier, affected users, and concrete remediation steps.","Does the interface satisfy WCAG 2.2.3 No Timing?|Could a user relying on assistive technology, keyboard, zoom, captions, or alternative input complete the task?|Is the issue testable and tied to a concrete page, component, or interaction?|Is this criterion required for the project scope, or should it be treated as aspirational guidance?",True
Web Content Accessibility Guidelines (WCAG) 2.2,"W3C accessibility framework for making web content perceivable, operable, understandable, and robust for users with disabilities and generally more usable for all users.",WCAG,W3C - https://www.w3.org/TR/WCAG22/,2.2 - W3C Recommendation 12 December 2024,True,2.2.4,2.2.4 Interruptions (Level AAA),Principle: Operable. Guideline 2.2 Enough Time: Give users enough time to read and use content. Criterion: Interruptions can be postponed or suppressed by the user except in emergencies.,interruptions|wcag 2.2.4|wcag AAA|enough time|operable,"A diary participant reports difficulty with interruptions, causing the interface to feel inaccessible, unclear, or harder to complete with their preferred input or assistive setup.","Review the interface against WCAG 2.2.4 (AAA). Ensure the design and implementation satisfy the criterion, then document the specific accessibility barrier, affected users, and concrete remediation steps.","Does the interface satisfy WCAG 2.2.4 Interruptions?|Could a user relying on assistive technology, keyboard, zoom, captions, or alternative input complete the task?|Is the issue testable and tied to a concrete page, component, or interaction?|Is this criterion required for the project scope, or should it be treated as aspirational guidance?",True
Web Content Accessibility Guidelines (WCAG) 2.2,"W3C accessibility framework for making web content perceivable, operable, understandable, and robust for users with disabilities and generally more usable for all users.",WCAG,W3C - https://www.w3.org/TR/WCAG22/,2.2 - W3C Recommendation 12 December 2024,True,2.2.5,2.2.5 Re-authenticating (Level AAA),Principle: Operable. Guideline 2.2 Enough Time: Give users enough time to read and use content. Criterion: Users can continue an activity without data loss after re-authenticating.,re-authenticating|wcag 2.2.5|wcag AAA|enough time|operable|re authenticating|re|authenticating,"A diary participant reports difficulty with re-authenticating, causing the interface to feel inaccessible, unclear, or harder to complete with their preferred input or assistive setup.","Review the interface against WCAG 2.2.5 (AAA). Ensure the design and implementation satisfy the criterion, then document the specific accessibility barrier, affected users, and concrete remediation steps.","Does the interface satisfy WCAG 2.2.5 Re-authenticating?|Could a user relying on assistive technology, keyboard, zoom, captions, or alternative input complete the task?|Is the issue testable and tied to a concrete page, component, or interaction?|Is this criterion required for the project scope, or should it be treated as aspirational guidance?",True
Web Content Accessibility Guidelines (WCAG) 2.2,"W3C accessibility framework for making web content perceivable, operable, understandable, and robust for users with disabilities and generally more usable for all users.",WCAG,W3C - https://www.w3.org/TR/WCAG22/,2.2 - W3C Recommendation 12 December 2024,True,2.2.6,2.2.6 Timeouts (Level AAA),Principle: Operable. Guideline 2.2 Enough Time: Give users enough time to read and use content. Criterion: Users are warned about inactivity durations that could cause data loss unless data is preserved for more than twenty hours.,timeouts|wcag 2.2.6|wcag AAA|enough time|operable,"A diary participant reports difficulty with timeouts, causing the interface to feel inaccessible, unclear, or harder to complete with their preferred input or assistive setup.","Review the interface against WCAG 2.2.6 (AAA). Ensure the design and implementation satisfy the criterion, then document the specific accessibility barrier, affected users, and concrete remediation steps.","Does the interface satisfy WCAG 2.2.6 Timeouts?|Could a user relying on assistive technology, keyboard, zoom, captions, or alternative input complete the task?|Is the issue testable and tied to a concrete page, component, or interaction?|Is this criterion required for the project scope, or should it be treated as aspirational guidance?",True
Web Content Accessibility Guidelines (WCAG) 2.2,"W3C accessibility framework for making web content perceivable, operable, understandable, and robust for users with disabilities and generally more usable for all users.",WCAG,W3C - https://www.w3.org/TR/WCAG22/,2.2 - W3C Recommendation 12 December 2024,True,2.3.1,2.3.1 Three Flashes or Below Threshold (Level A),Principle: Operable. Guideline 2.3 Seizures and Physical Reactions: Avoid content patterns that can cause seizures or physical reactions. Criterion: Pages do not flash more than three times per second unless flashes stay below defined thresholds.,three flashes or below threshold|wcag 2.3.1|wcag A|seizures and physical reactions|operable|three flashes|three|flashes|or|below,"A diary participant reports difficulty with three flashes or below threshold, causing the interface to feel inaccessible, unclear, or harder to complete with their preferred input or assistive setup.","Review the interface against WCAG 2.3.1 (A). Ensure the design and implementation satisfy the criterion, then document the specific accessibility barrier, affected users, and concrete remediation steps.","Does the interface satisfy WCAG 2.3.1 Three Flashes or Below Threshold?|Could a user relying on assistive technology, keyboard, zoom, captions, or alternative input complete the task?|Is the issue testable and tied to a concrete page, component, or interaction?",True
Web Content Accessibility Guidelines (WCAG) 2.2,"W3C accessibility framework for making web content perceivable, operable, understandable, and robust for users with disabilities and generally more usable for all users.",WCAG,W3C - https://www.w3.org/TR/WCAG22/,2.2 - W3C Recommendation 12 December 2024,True,2.3.2,2.3.2 Three Flashes (Level AAA),Principle: Operable. Guideline 2.3 Seizures and Physical Reactions: Avoid content patterns that can cause seizures or physical reactions. Criterion: Pages do not contain anything that flashes more than three times in any one-second period.,three flashes|wcag 2.3.2|wcag AAA|seizures and physical reactions|operable|three|flashes,"A diary participant reports difficulty with three flashes, causing the interface to feel inaccessible, unclear, or harder to complete with their preferred input or assistive setup.","Review the interface against WCAG 2.3.2 (AAA). Ensure the design and implementation satisfy the criterion, then document the specific accessibility barrier, affected users, and concrete remediation steps.","Does the interface satisfy WCAG 2.3.2 Three Flashes?|Could a user relying on assistive technology, keyboard, zoom, captions, or alternative input complete the task?|Is the issue testable and tied to a concrete page, component, or interaction?|Is this criterion required for the project scope, or should it be treated as aspirational guidance?",True
Web Content Accessibility Guidelines (WCAG) 2.2,"W3C accessibility framework for making web content perceivable, operable, understandable, and robust for users with disabilities and generally more usable for all users.",WCAG,W3C - https://www.w3.org/TR/WCAG22/,2.2 - W3C Recommendation 12 December 2024,True,2.3.3,2.3.3 Animation from Interactions (Level AAA),Principle: Operable. Guideline 2.3 Seizures and Physical Reactions: Avoid content patterns that can cause seizures or physical reactions. Criterion: Motion animation triggered by interaction can be disabled unless it is essential.,animation from interactions|wcag 2.3.3|wcag AAA|seizures and physical reactions|operable|animation from|animation|from|interactions,"A diary participant reports difficulty with animation from interactions, causing the interface to feel inaccessible, unclear, or harder to complete with their preferred input or assistive setup.","Review the interface against WCAG 2.3.3 (AAA). Ensure the design and implementation satisfy the criterion, then document the specific accessibility barrier, affected users, and concrete remediation steps.","Does the interface satisfy WCAG 2.3.3 Animation from Interactions?|Could a user relying on assistive technology, keyboard, zoom, captions, or alternative input complete the task?|Is the issue testable and tied to a concrete page, component, or interaction?|Is this criterion required for the project scope, or should it be treated as aspirational guidance?",True
Web Content Accessibility Guidelines (WCAG) 2.2,"W3C accessibility framework for making web content perceivable, operable, understandable, and robust for users with disabilities and generally more usable for all users.",WCAG,W3C - https://www.w3.org/TR/WCAG22/,2.2 - W3C Recommendation 12 December 2024,True,2.4.1,2.4.1 Bypass Blocks (Level A),"Principle: Operable. Guideline 2.4 Navigable: Help users navigate, find content, and determine where they are. Criterion: Users have a mechanism to bypass blocks of repeated content.",bypass blocks|wcag 2.4.1|wcag A|navigable|operable|bypass|blocks,"A diary participant reports difficulty with bypass blocks, causing the interface to feel inaccessible, unclear, or harder to complete with their preferred input or assistive setup.","Review the interface against WCAG 2.4.1 (A). Ensure the design and implementation satisfy the criterion, then document the specific accessibility barrier, affected users, and concrete remediation steps.","Does the interface satisfy WCAG 2.4.1 Bypass Blocks?|Could a user relying on assistive technology, keyboard, zoom, captions, or alternative input complete the task?|Is the issue testable and tied to a concrete page, component, or interaction?",True
Web Content Accessibility Guidelines (WCAG) 2.2,"W3C accessibility framework for making web content perceivable, operable, understandable, and robust for users with disabilities and generally more usable for all users.",WCAG,W3C - https://www.w3.org/TR/WCAG22/,2.2 - W3C Recommendation 12 December 2024,True,2.4.2,2.4.2 Page Titled (Level A),"Principle: Operable. Guideline 2.4 Navigable: Help users navigate, find content, and determine where they are. Criterion: Web pages have titles that describe topic or purpose.",page titled|wcag 2.4.2|wcag A|navigable|operable|page|titled,"A diary participant reports difficulty with page titled, causing the interface to feel inaccessible, unclear, or harder to complete with their preferred input or assistive setup.","Review the interface against WCAG 2.4.2 (A). Ensure the design and implementation satisfy the criterion, then document the specific accessibility barrier, affected users, and concrete remediation steps.","Does the interface satisfy WCAG 2.4.2 Page Titled?|Could a user relying on assistive technology, keyboard, zoom, captions, or alternative input complete the task?|Is the issue testable and tied to a concrete page, component, or interaction?",True
Web Content Accessibility Guidelines (WCAG) 2.2,"W3C accessibility framework for making web content perceivable, operable, understandable, and robust for users with disabilities and generally more usable for all users.",WCAG,W3C - https://www.w3.org/TR/WCAG22/,2.2 - W3C Recommendation 12 December 2024,True,2.4.3,2.4.3 Focus Order (Level A),"Principle: Operable. Guideline 2.4 Navigable: Help users navigate, find content, and determine where they are. Criterion: Focusable components receive focus in an order that preserves meaning and operability.",focus order|wcag 2.4.3|wcag A|navigable|operable|focus|order,"A diary participant reports difficulty with focus order, causing the interface to feel inaccessible, unclear, or harder to complete with their preferred input or assistive setup.","Review the interface against WCAG 2.4.3 (A). Ensure the design and implementation satisfy the criterion, then document the specific accessibility barrier, affected users, and concrete remediation steps.","Does the interface satisfy WCAG 2.4.3 Focus Order?|Could a user relying on assistive technology, keyboard, zoom, captions, or alternative input complete the task?|Is the issue testable and tied to a concrete page, component, or interaction?",True
Web Content Accessibility Guidelines (WCAG) 2.2,"W3C accessibility framework for making web content perceivable, operable, understandable, and robust for users with disabilities and generally more usable for all users.",WCAG,W3C - https://www.w3.org/TR/WCAG22/,2.2 - W3C Recommendation 12 December 2024,True,2.4.4,2.4.4 Link Purpose (In Context) (Level A),"Principle: Operable. Guideline 2.4 Navigable: Help users navigate, find content, and determine where they are. Criterion: The purpose of each link can be determined from the link text or its programmatically determined context, except where ambiguous to users generally.",link purpose (in context)|wcag 2.4.4|wcag A|navigable|operable|link purpose|link|purpose,"A diary participant reports difficulty with link purpose (in context), causing the interface to feel inaccessible, unclear, or harder to complete with their preferred input or assistive setup.","Review the interface against WCAG 2.4.4 (A). Ensure the design and implementation satisfy the criterion, then document the specific accessibility barrier, affected users, and concrete remediation steps.","Does the interface satisfy WCAG 2.4.4 Link Purpose (In Context)?|Could a user relying on assistive technology, keyboard, zoom, captions, or alternative input complete the task?|Is the issue testable and tied to a concrete page, component, or interaction?",True
Web Content Accessibility Guidelines (WCAG) 2.2,"W3C accessibility framework for making web content perceivable, operable, understandable, and robust for users with disabilities and generally more usable for all users.",WCAG,W3C - https://www.w3.org/TR/WCAG22/,2.2 - W3C Recommendation 12 December 2024,True,2.4.5,2.4.5 Multiple Ways (Level AA),"Principle: Operable. Guideline 2.4 Navigable: Help users navigate, find content, and determine where they are. Criterion: More than one way is available to locate a page within a set of pages, except where the page is a process step or result.",multiple ways|wcag 2.4.5|wcag AA|navigable|operable|multiple|ways,"A diary participant reports difficulty with multiple ways, causing the interface to feel inaccessible, unclear, or harder to complete with their preferred input or assistive setup.","Review the interface against WCAG 2.4.5 (AA). Ensure the design and implementation satisfy the criterion, then document the specific accessibility barrier, affected users, and concrete remediation steps.","Does the interface satisfy WCAG 2.4.5 Multiple Ways?|Could a user relying on assistive technology, keyboard, zoom, captions, or alternative input complete the task?|Is the issue testable and tied to a concrete page, component, or interaction?",True
Web Content Accessibility Guidelines (WCAG) 2.2,"W3C accessibility framework for making web content perceivable, operable, understandable, and robust for users with disabilities and generally more usable for all users.",WCAG,W3C - https://www.w3.org/TR/WCAG22/,2.2 - W3C Recommendation 12 December 2024,True,2.4.6,2.4.6 Headings and Labels (Level AA),"Principle: Operable. Guideline 2.4 Navigable: Help users navigate, find content, and determine where they are. Criterion: Headings and labels describe topic or purpose.",headings and labels|wcag 2.4.6|wcag AA|navigable|operable|headings and|headings|and|labels,"A diary participant reports difficulty with headings and labels, causing the interface to feel inaccessible, unclear, or harder to complete with their preferred input or assistive setup.","Review the interface against WCAG 2.4.6 (AA). Ensure the design and implementation satisfy the criterion, then document the specific accessibility barrier, affected users, and concrete remediation steps.","Does the interface satisfy WCAG 2.4.6 Headings and Labels?|Could a user relying on assistive technology, keyboard, zoom, captions, or alternative input complete the task?|Is the issue testable and tied to a concrete page, component, or interaction?",True
Web Content Accessibility Guidelines (WCAG) 2.2,"W3C accessibility framework for making web content perceivable, operable, understandable, and robust for users with disabilities and generally more usable for all users.",WCAG,W3C - https://www.w3.org/TR/WCAG22/,2.2 - W3C Recommendation 12 December 2024,True,2.4.7,2.4.7 Focus Visible (Level AA),"Principle: Operable. Guideline 2.4 Navigable: Help users navigate, find content, and determine where they are. Criterion: Keyboard-operable interfaces provide a visible keyboard focus indicator.",focus visible|wcag 2.4.7|wcag AA|navigable|operable|focus|visible|keyboard focus|focus indicator,"A diary participant reports difficulty with focus visible, causing the interface to feel inaccessible, unclear, or harder to complete with their preferred input or assistive setup.","Review the interface against WCAG 2.4.7 (AA). Ensure the design and implementation satisfy the criterion, then document the specific accessibility barrier, affected users, and concrete remediation steps.","Does the interface satisfy WCAG 2.4.7 Focus Visible?|Could a user relying on assistive technology, keyboard, zoom, captions, or alternative input complete the task?|Is the issue testable and tied to a concrete page, component, or interaction?",True
Web Content Accessibility Guidelines (WCAG) 2.2,"W3C accessibility framework for making web content perceivable, operable, understandable, and robust for users with disabilities and generally more usable for all users.",WCAG,W3C - https://www.w3.org/TR/WCAG22/,2.2 - W3C Recommendation 12 December 2024,True,2.4.8,2.4.8 Location (Level AAA),"Principle: Operable. Guideline 2.4 Navigable: Help users navigate, find content, and determine where they are. Criterion: Information about the user’s location within a set of pages is available.",location|wcag 2.4.8|wcag AAA|navigable|operable,"A diary participant reports difficulty with location, causing the interface to feel inaccessible, unclear, or harder to complete with their preferred input or assistive setup.","Review the interface against WCAG 2.4.8 (AAA). Ensure the design and implementation satisfy the criterion, then document the specific accessibility barrier, affected users, and concrete remediation steps.","Does the interface satisfy WCAG 2.4.8 Location?|Could a user relying on assistive technology, keyboard, zoom, captions, or alternative input complete the task?|Is the issue testable and tied to a concrete page, component, or interaction?|Is this criterion required for the project scope, or should it be treated as aspirational guidance?",True
Web Content Accessibility Guidelines (WCAG) 2.2,"W3C accessibility framework for making web content perceivable, operable, understandable, and robust for users with disabilities and generally more usable for all users.",WCAG,W3C - https://www.w3.org/TR/WCAG22/,2.2 - W3C Recommendation 12 December 2024,True,2.4.9,2.4.9 Link Purpose (Link Only) (Level AAA),"Principle: Operable. Guideline 2.4 Navigable: Help users navigate, find content, and determine where they are. Criterion: A mechanism allows each link purpose to be identified from link text alone, except where ambiguous to users generally.",link purpose (link only)|wcag 2.4.9|wcag AAA|navigable|operable|link purpose|link|purpose,"A diary participant reports difficulty with link purpose (link only), causing the interface to feel inaccessible, unclear, or harder to complete with their preferred input or assistive setup.","Review the interface against WCAG 2.4.9 (AAA). Ensure the design and implementation satisfy the criterion, then document the specific accessibility barrier, affected users, and concrete remediation steps.","Does the interface satisfy WCAG 2.4.9 Link Purpose (Link Only)?|Could a user relying on assistive technology, keyboard, zoom, captions, or alternative input complete the task?|Is the issue testable and tied to a concrete page, component, or interaction?|Is this criterion required for the project scope, or should it be treated as aspirational guidance?",True
Web Content Accessibility Guidelines (WCAG) 2.2,"W3C accessibility framework for making web content perceivable, operable, understandable, and robust for users with disabilities and generally more usable for all users.",WCAG,W3C - https://www.w3.org/TR/WCAG22/,2.2 - W3C Recommendation 12 December 2024,True,2.4.10,2.4.10 Section Headings (Level AAA),"Principle: Operable. Guideline 2.4 Navigable: Help users navigate, find content, and determine where they are. Criterion: Section headings are used to organize content.",section headings|wcag 2.4.10|wcag AAA|navigable|operable|section|headings,"A diary participant reports difficulty with section headings, causing the interface to feel inaccessible, unclear, or harder to complete with their preferred input or assistive setup.","Review the interface against WCAG 2.4.10 (AAA). Ensure the design and implementation satisfy the criterion, then document the specific accessibility barrier, affected users, and concrete remediation steps.","Does the interface satisfy WCAG 2.4.10 Section Headings?|Could a user relying on assistive technology, keyboard, zoom, captions, or alternative input complete the task?|Is the issue testable and tied to a concrete page, component, or interaction?|Is this criterion required for the project scope, or should it be treated as aspirational guidance?",True
Web Content Accessibility Guidelines (WCAG) 2.2,"W3C accessibility framework for making web content perceivable, operable, understandable, and robust for users with disabilities and generally more usable for all users.",WCAG,W3C - https://www.w3.org/TR/WCAG22/,2.2 - W3C Recommendation 12 December 2024,True,2.4.11,2.4.11 Focus Not Obscured (Minimum) (Level AA),"Principle: Operable. Guideline 2.4 Navigable: Help users navigate, find content, and determine where they are. Criterion: When a component receives keyboard focus, it is not entirely hidden by author-created content.",focus not obscured (minimum)|wcag 2.4.11|wcag AA|navigable|operable|focus not|focus|not|obscured|focus obscured|sticky header|hidden focus,"A diary participant reports difficulty with focus not obscured (minimum), causing the interface to feel inaccessible, unclear, or harder to complete with their preferred input or assistive setup.","Review the interface against WCAG 2.4.11 (AA). Ensure the design and implementation satisfy the criterion, then document the specific accessibility barrier, affected users, and concrete remediation steps.","Does the interface satisfy WCAG 2.4.11 Focus Not Obscured (Minimum)?|Could a user relying on assistive technology, keyboard, zoom, captions, or alternative input complete the task?|Is the issue testable and tied to a concrete page, component, or interaction?",True
Web Content Accessibility Guidelines (WCAG) 2.2,"W3C accessibility framework for making web content perceivable, operable, understandable, and robust for users with disabilities and generally more usable for all users.",WCAG,W3C - https://www.w3.org/TR/WCAG22/,2.2 - W3C Recommendation 12 December 2024,True,2.4.12,2.4.12 Focus Not Obscured (Enhanced) (Level AAA),"Principle: Operable. Guideline 2.4 Navigable: Help users navigate, find content, and determine where they are. Criterion: When a component receives keyboard focus, no part of it is hidden by author-created content.",focus not obscured (enhanced)|wcag 2.4.12|wcag AAA|navigable|operable|focus not|focus|not|obscured,"A diary participant reports difficulty with focus not obscured (enhanced), causing the interface to feel inaccessible, unclear, or harder to complete with their preferred input or assistive setup.","Review the interface against WCAG 2.4.12 (AAA). Ensure the design and implementation satisfy the criterion, then document the specific accessibility barrier, affected users, and concrete remediation steps.","Does the interface satisfy WCAG 2.4.12 Focus Not Obscured (Enhanced)?|Could a user relying on assistive technology, keyboard, zoom, captions, or alternative input complete the task?|Is the issue testable and tied to a concrete page, component, or interaction?|Is this criterion required for the project scope, or should it be treated as aspirational guidance?",True
Web Content Accessibility Guidelines (WCAG) 2.2,"W3C accessibility framework for making web content perceivable, operable, understandable, and robust for users with disabilities and generally more usable for all users.",WCAG,W3C - https://www.w3.org/TR/WCAG22/,2.2 - W3C Recommendation 12 December 2024,True,2.4.13,2.4.13 Focus Appearance (Level AAA),"Principle: Operable. Guideline 2.4 Navigable: Help users navigate, find content, and determine where they are. Criterion: Visible focus indicators meet minimum size and contrast requirements, unless defined exceptions apply.",focus appearance|wcag 2.4.13|wcag AAA|navigable|operable|focus|appearance,"A diary participant reports difficulty with focus appearance, causing the interface to feel inaccessible, unclear, or harder to complete with their preferred input or assistive setup.","Review the interface against WCAG 2.4.13 (AAA). Ensure the design and implementation satisfy the criterion, then document the specific accessibility barrier, affected users, and concrete remediation steps.","Does the interface satisfy WCAG 2.4.13 Focus Appearance?|Could a user relying on assistive technology, keyboard, zoom, captions, or alternative input complete the task?|Is the issue testable and tied to a concrete page, component, or interaction?|Is this criterion required for the project scope, or should it be treated as aspirational guidance?",True
Web Content Accessibility Guidelines (WCAG) 2.2,"W3C accessibility framework for making web content perceivable, operable, understandable, and robust for users with disabilities and generally more usable for all users.",WCAG,W3C - https://www.w3.org/TR/WCAG22/,2.2 - W3C Recommendation 12 December 2024,True,2.5.1,2.5.1 Pointer Gestures (Level A),"Principle: Operable. Guideline 2.5 Input Modalities: Support inputs beyond keyboard, such as pointer, touch, and motion. Criterion: Functionality using multipoint or path-based gestures can also be operated with a single pointer unless the gesture is essential.",pointer gestures|wcag 2.5.1|wcag A|input modalities|operable|pointer|gestures,"A diary participant reports difficulty with pointer gestures, causing the interface to feel inaccessible, unclear, or harder to complete with their preferred input or assistive setup.","Review the interface against WCAG 2.5.1 (A). Ensure the design and implementation satisfy the criterion, then document the specific accessibility barrier, affected users, and concrete remediation steps.","Does the interface satisfy WCAG 2.5.1 Pointer Gestures?|Could a user relying on assistive technology, keyboard, zoom, captions, or alternative input complete the task?|Is the issue testable and tied to a concrete page, component, or interaction?",True
Web Content Accessibility Guidelines (WCAG) 2.2,"W3C accessibility framework for making web content perceivable, operable, understandable, and robust for users with disabilities and generally more usable for all users.",WCAG,W3C - https://www.w3.org/TR/WCAG22/,2.2 - W3C Recommendation 12 December 2024,True,2.5.2,2.5.2 Pointer Cancellation (Level A),"Principle: Operable. Guideline 2.5 Input Modalities: Support inputs beyond keyboard, such as pointer, touch, and motion. Criterion: Single-pointer functionality supports cancellation, undo, up-event activation, or another permitted behavior unless down-event activation is essential.",pointer cancellation|wcag 2.5.2|wcag A|input modalities|operable|pointer|cancellation,"A diary participant reports difficulty with pointer cancellation, causing the interface to feel inaccessible, unclear, or harder to complete with their preferred input or assistive setup.","Review the interface against WCAG 2.5.2 (A). Ensure the design and implementation satisfy the criterion, then document the specific accessibility barrier, affected users, and concrete remediation steps.","Does the interface satisfy WCAG 2.5.2 Pointer Cancellation?|Could a user relying on assistive technology, keyboard, zoom, captions, or alternative input complete the task?|Is the issue testable and tied to a concrete page, component, or interaction?",True
Web Content Accessibility Guidelines (WCAG) 2.2,"W3C accessibility framework for making web content perceivable, operable, understandable, and robust for users with disabilities and generally more usable for all users.",WCAG,W3C - https://www.w3.org/TR/WCAG22/,2.2 - W3C Recommendation 12 December 2024,True,2.5.3,2.5.3 Label in Name (Level A),"Principle: Operable. Guideline 2.5 Input Modalities: Support inputs beyond keyboard, such as pointer, touch, and motion. Criterion: For labeled interface components, the accessible name contains the visible label text.",label in name|wcag 2.5.3|wcag A|input modalities|operable|label in|label|in|name,"A diary participant reports difficulty with label in name, causing the interface to feel inaccessible, unclear, or harder to complete with their preferred input or assistive setup.","Review the interface against WCAG 2.5.3 (A). Ensure the design and implementation satisfy the criterion, then document the specific accessibility barrier, affected users, and concrete remediation steps.","Does the interface satisfy WCAG 2.5.3 Label in Name?|Could a user relying on assistive technology, keyboard, zoom, captions, or alternative input complete the task?|Is the issue testable and tied to a concrete page, component, or interaction?",True
Web Content Accessibility Guidelines (WCAG) 2.2,"W3C accessibility framework for making web content perceivable, operable, understandable, and robust for users with disabilities and generally more usable for all users.",WCAG,W3C - https://www.w3.org/TR/WCAG22/,2.2 - W3C Recommendation 12 December 2024,True,2.5.4,2.5.4 Motion Actuation (Level A),"Principle: Operable. Guideline 2.5 Input Modalities: Support inputs beyond keyboard, such as pointer, touch, and motion. Criterion: Functionality operated by device or user motion can also be operated by interface components, and accidental motion activation can be disabled unless exceptions apply.",motion actuation|wcag 2.5.4|wcag A|input modalities|operable|motion|actuation,"A diary participant reports difficulty with motion actuation, causing the interface to feel inaccessible, unclear, or harder to complete with their preferred input or assistive setup.","Review the interface against WCAG 2.5.4 (A). Ensure the design and implementation satisfy the criterion, then document the specific accessibility barrier, affected users, and concrete remediation steps.","Does the interface satisfy WCAG 2.5.4 Motion Actuation?|Could a user relying on assistive technology, keyboard, zoom, captions, or alternative input complete the task?|Is the issue testable and tied to a concrete page, component, or interaction?",True
Web Content Accessibility Guidelines (WCAG) 2.2,"W3C accessibility framework for making web content perceivable, operable, understandable, and robust for users with disabilities and generally more usable for all users.",WCAG,W3C - https://www.w3.org/TR/WCAG22/,2.2 - W3C Recommendation 12 December 2024,True,2.5.5,2.5.5 Target Size (Enhanced) (Level AAA),"Principle: Operable. Guideline 2.5 Input Modalities: Support inputs beyond keyboard, such as pointer, touch, and motion. Criterion: Pointer targets are at least 44 by 44 CSS pixels unless defined exceptions apply.",target size (enhanced)|wcag 2.5.5|wcag AAA|input modalities|operable|target size|target|size,"A diary participant reports difficulty with target size (enhanced), causing the interface to feel inaccessible, unclear, or harder to complete with their preferred input or assistive setup.","Review the interface against WCAG 2.5.5 (AAA). Ensure the design and implementation satisfy the criterion, then document the specific accessibility barrier, affected users, and concrete remediation steps.","Does the interface satisfy WCAG 2.5.5 Target Size (Enhanced)?|Could a user relying on assistive technology, keyboard, zoom, captions, or alternative input complete the task?|Is the issue testable and tied to a concrete page, component, or interaction?|Is this criterion required for the project scope, or should it be treated as aspirational guidance?",True
Web Content Accessibility Guidelines (WCAG) 2.2,"W3C accessibility framework for making web content perceivable, operable, understandable, and robust for users with disabilities and generally more usable for all users.",WCAG,W3C - https://www.w3.org/TR/WCAG22/,2.2 - W3C Recommendation 12 December 2024,True,2.5.6,2.5.6 Concurrent Input Mechanisms (Level AAA),"Principle: Operable. Guideline 2.5 Input Modalities: Support inputs beyond keyboard, such as pointer, touch, and motion. Criterion: Content does not restrict available input modalities unless essential, security-related, or needed to respect user settings.",concurrent input mechanisms|wcag 2.5.6|wcag AAA|input modalities|operable|concurrent input|concurrent|input|mechanisms,"A diary participant reports difficulty with concurrent input mechanisms, causing the interface to feel inaccessible, unclear, or harder to complete with their preferred input or assistive setup.","Review the interface against WCAG 2.5.6 (AAA). Ensure the design and implementation satisfy the criterion, then document the specific accessibility barrier, affected users, and concrete remediation steps.","Does the interface satisfy WCAG 2.5.6 Concurrent Input Mechanisms?|Could a user relying on assistive technology, keyboard, zoom, captions, or alternative input complete the task?|Is the issue testable and tied to a concrete page, component, or interaction?|Is this criterion required for the project scope, or should it be treated as aspirational guidance?",True
Web Content Accessibility Guidelines (WCAG) 2.2,"W3C accessibility framework for making web content perceivable, operable, understandable, and robust for users with disabilities and generally more usable for all users.",WCAG,W3C - https://www.w3.org/TR/WCAG22/,2.2 - W3C Recommendation 12 December 2024,True,2.5.7,2.5.7 Dragging Movements (Level AA),"Principle: Operable. Guideline 2.5 Input Modalities: Support inputs beyond keyboard, such as pointer, touch, and motion. Criterion: Functionality using dragging can also be achieved with a single pointer without dragging unless dragging is essential or user-agent controlled.",dragging movements|wcag 2.5.7|wcag AA|input modalities|operable|dragging|movements,"A diary participant reports difficulty with dragging movements, causing the interface to feel inaccessible, unclear, or harder to complete with their preferred input or assistive setup.","Review the interface against WCAG 2.5.7 (AA). Ensure the design and implementation satisfy the criterion, then document the specific accessibility barrier, affected users, and concrete remediation steps.","Does the interface satisfy WCAG 2.5.7 Dragging Movements?|Could a user relying on assistive technology, keyboard, zoom, captions, or alternative input complete the task?|Is the issue testable and tied to a concrete page, component, or interaction?",True
Web Content Accessibility Guidelines (WCAG) 2.2,"W3C accessibility framework for making web content perceivable, operable, understandable, and robust for users with disabilities and generally more usable for all users.",WCAG,W3C - https://www.w3.org/TR/WCAG22/,2.2 - W3C Recommendation 12 December 2024,True,2.5.8,2.5.8 Target Size (Minimum) (Level AA),"Principle: Operable. Guideline 2.5 Input Modalities: Support inputs beyond keyboard, such as pointer, touch, and motion. Criterion: Pointer targets are at least 24 by 24 CSS pixels or meet spacing/equivalent/inline/user-agent/essential exceptions.",target size (minimum)|wcag 2.5.8|wcag AA|input modalities|operable|target size|target|size|tap target|touch target|click target,"A diary participant reports difficulty with target size (minimum), causing the interface to feel inaccessible, unclear, or harder to complete with their preferred input or assistive setup.","Review the interface against WCAG 2.5.8 (AA). Ensure the design and implementation satisfy the criterion, then document the specific accessibility barrier, affected users, and concrete remediation steps.","Does the interface satisfy WCAG 2.5.8 Target Size (Minimum)?|Could a user relying on assistive technology, keyboard, zoom, captions, or alternative input complete the task?|Is the issue testable and tied to a concrete page, component, or interaction?",True
Web Content Accessibility Guidelines (WCAG) 2.2,"W3C accessibility framework for making web content perceivable, operable, understandable, and robust for users with disabilities and generally more usable for all users.",WCAG,W3C - https://www.w3.org/TR/WCAG22/,2.2 - W3C Recommendation 12 December 2024,True,3.1.1,3.1.1 Language of Page (Level A),Principle: Understandable. Guideline 3.1 Readable: Make text content readable and understandable. Criterion: The default human language of each page can be programmatically determined.,language of page|wcag 3.1.1|wcag A|readable|understandable|language of|language|of|page,"A diary participant reports difficulty with language of page, causing the interface to feel inaccessible, unclear, or harder to complete with their preferred input or assistive setup.","Review the interface against WCAG 3.1.1 (A). Ensure the design and implementation satisfy the criterion, then document the specific accessibility barrier, affected users, and concrete remediation steps.","Does the interface satisfy WCAG 3.1.1 Language of Page?|Could a user relying on assistive technology, keyboard, zoom, captions, or alternative input complete the task?|Is the issue testable and tied to a concrete page, component, or interaction?",True
Web Content Accessibility Guidelines (WCAG) 2.2,"W3C accessibility framework for making web content perceivable, operable, understandable, and robust for users with disabilities and generally more usable for all users.",WCAG,W3C - https://www.w3.org/TR/WCAG22/,2.2 - W3C Recommendation 12 December 2024,True,3.1.2,3.1.2 Language of Parts (Level AA),"Principle: Understandable. Guideline 3.1 Readable: Make text content readable and understandable. Criterion: The human language of passages or phrases can be programmatically determined, with exceptions for names, technical terms, indeterminate words, and vernacular phrases.",language of parts|wcag 3.1.2|wcag AA|readable|understandable|language of|language|of|parts,"A diary participant reports difficulty with language of parts, causing the interface to feel inaccessible, unclear, or harder to complete with their preferred input or assistive setup.","Review the interface against WCAG 3.1.2 (AA). Ensure the design and implementation satisfy the criterion, then document the specific accessibility barrier, affected users, and concrete remediation steps.","Does the interface satisfy WCAG 3.1.2 Language of Parts?|Could a user relying on assistive technology, keyboard, zoom, captions, or alternative input complete the task?|Is the issue testable and tied to a concrete page, component, or interaction?",True
Web Content Accessibility Guidelines (WCAG) 2.2,"W3C accessibility framework for making web content perceivable, operable, understandable, and robust for users with disabilities and generally more usable for all users.",WCAG,W3C - https://www.w3.org/TR/WCAG22/,2.2 - W3C Recommendation 12 December 2024,True,3.1.3,3.1.3 Unusual Words (Level AAA),"Principle: Understandable. Guideline 3.1 Readable: Make text content readable and understandable. Criterion: A mechanism is available to identify definitions of unusual, restricted, idiomatic, or jargon terms.",unusual words|wcag 3.1.3|wcag AAA|readable|understandable|unusual|words,"A diary participant reports difficulty with unusual words, causing the interface to feel inaccessible, unclear, or harder to complete with their preferred input or assistive setup.","Review the interface against WCAG 3.1.3 (AAA). Ensure the design and implementation satisfy the criterion, then document the specific accessibility barrier, affected users, and concrete remediation steps.","Does the interface satisfy WCAG 3.1.3 Unusual Words?|Could a user relying on assistive technology, keyboard, zoom, captions, or alternative input complete the task?|Is the issue testable and tied to a concrete page, component, or interaction?|Is this criterion required for the project scope, or should it be treated as aspirational guidance?",True
Web Content Accessibility Guidelines (WCAG) 2.2,"W3C accessibility framework for making web content perceivable, operable, understandable, and robust for users with disabilities and generally more usable for all users.",WCAG,W3C - https://www.w3.org/TR/WCAG22/,2.2 - W3C Recommendation 12 December 2024,True,3.1.4,3.1.4 Abbreviations (Level AAA),Principle: Understandable. Guideline 3.1 Readable: Make text content readable and understandable. Criterion: A mechanism is available to identify the expanded form or meaning of abbreviations.,abbreviations|wcag 3.1.4|wcag AAA|readable|understandable,"A diary participant reports difficulty with abbreviations, causing the interface to feel inaccessible, unclear, or harder to complete with their preferred input or assistive setup.","Review the interface against WCAG 3.1.4 (AAA). Ensure the design and implementation satisfy the criterion, then document the specific accessibility barrier, affected users, and concrete remediation steps.","Does the interface satisfy WCAG 3.1.4 Abbreviations?|Could a user relying on assistive technology, keyboard, zoom, captions, or alternative input complete the task?|Is the issue testable and tied to a concrete page, component, or interaction?|Is this criterion required for the project scope, or should it be treated as aspirational guidance?",True
Web Content Accessibility Guidelines (WCAG) 2.2,"W3C accessibility framework for making web content perceivable, operable, understandable, and robust for users with disabilities and generally more usable for all users.",WCAG,W3C - https://www.w3.org/TR/WCAG22/,2.2 - W3C Recommendation 12 December 2024,True,3.1.5,3.1.5 Reading Level (Level AAA),"Principle: Understandable. Guideline 3.1 Readable: Make text content readable and understandable. Criterion: When text requires advanced reading ability, supplemental content or a simpler version is available.",reading level|wcag 3.1.5|wcag AAA|readable|understandable|reading|level,"A diary participant reports difficulty with reading level, causing the interface to feel inaccessible, unclear, or harder to complete with their preferred input or assistive setup.","Review the interface against WCAG 3.1.5 (AAA). Ensure the design and implementation satisfy the criterion, then document the specific accessibility barrier, affected users, and concrete remediation steps.","Does the interface satisfy WCAG 3.1.5 Reading Level?|Could a user relying on assistive technology, keyboard, zoom, captions, or alternative input complete the task?|Is the issue testable and tied to a concrete page, component, or interaction?|Is this criterion required for the project scope, or should it be treated as aspirational guidance?",True
Web Content Accessibility Guidelines (WCAG) 2.2,"W3C accessibility framework for making web content perceivable, operable, understandable, and robust for users with disabilities and generally more usable for all users.",WCAG,W3C - https://www.w3.org/TR/WCAG22/,2.2 - W3C Recommendation 12 December 2024,True,3.1.6,3.1.6 Pronunciation (Level AAA),Principle: Understandable. Guideline 3.1 Readable: Make text content readable and understandable. Criterion: A mechanism is available to identify pronunciation when meaning is ambiguous without pronunciation.,pronunciation|wcag 3.1.6|wcag AAA|readable|understandable,"A diary participant reports difficulty with pronunciation, causing the interface to feel inaccessible, unclear, or harder to complete with their preferred input or assistive setup.","Review the interface against WCAG 3.1.6 (AAA). Ensure the design and implementation satisfy the criterion, then document the specific accessibility barrier, affected users, and concrete remediation steps.","Does the interface satisfy WCAG 3.1.6 Pronunciation?|Could a user relying on assistive technology, keyboard, zoom, captions, or alternative input complete the task?|Is the issue testable and tied to a concrete page, component, or interaction?|Is this criterion required for the project scope, or should it be treated as aspirational guidance?",True
Web Content Accessibility Guidelines (WCAG) 2.2,"W3C accessibility framework for making web content perceivable, operable, understandable, and robust for users with disabilities and generally more usable for all users.",WCAG,W3C - https://www.w3.org/TR/WCAG22/,2.2 - W3C Recommendation 12 December 2024,True,3.2.1,3.2.1 On Focus (Level A),Principle: Understandable. Guideline 3.2 Predictable: Make pages appear and operate in predictable ways. Criterion: Receiving focus does not automatically initiate a change of context.,on focus|wcag 3.2.1|wcag A|predictable|understandable|on|focus,"A diary participant reports difficulty with on focus, causing the interface to feel inaccessible, unclear, or harder to complete with their preferred input or assistive setup.","Review the interface against WCAG 3.2.1 (A). Ensure the design and implementation satisfy the criterion, then document the specific accessibility barrier, affected users, and concrete remediation steps.","Does the interface satisfy WCAG 3.2.1 On Focus?|Could a user relying on assistive technology, keyboard, zoom, captions, or alternative input complete the task?|Is the issue testable and tied to a concrete page, component, or interaction?",True
Web Content Accessibility Guidelines (WCAG) 2.2,"W3C accessibility framework for making web content perceivable, operable, understandable, and robust for users with disabilities and generally more usable for all users.",WCAG,W3C - https://www.w3.org/TR/WCAG22/,2.2 - W3C Recommendation 12 December 2024,True,3.2.2,3.2.2 On Input (Level A),Principle: Understandable. Guideline 3.2 Predictable: Make pages appear and operate in predictable ways. Criterion: Changing a component setting does not automatically cause a change of context unless users were advised beforehand.,on input|wcag 3.2.2|wcag A|predictable|understandable|on|input,"A diary participant reports difficulty with on input, causing the interface to feel inaccessible, unclear, or harder to complete with their preferred input or assistive setup.","Review the interface against WCAG 3.2.2 (A). Ensure the design and implementation satisfy the criterion, then document the specific accessibility barrier, affected users, and concrete remediation steps.","Does the interface satisfy WCAG 3.2.2 On Input?|Could a user relying on assistive technology, keyboard, zoom, captions, or alternative input complete the task?|Is the issue testable and tied to a concrete page, component, or interaction?",True
Web Content Accessibility Guidelines (WCAG) 2.2,"W3C accessibility framework for making web content perceivable, operable, understandable, and robust for users with disabilities and generally more usable for all users.",WCAG,W3C - https://www.w3.org/TR/WCAG22/,2.2 - W3C Recommendation 12 December 2024,True,3.2.3,3.2.3 Consistent Navigation (Level AA),Principle: Understandable. Guideline 3.2 Predictable: Make pages appear and operate in predictable ways. Criterion: Repeated navigation mechanisms occur in the same relative order unless the user initiates a change.,consistent navigation|wcag 3.2.3|wcag AA|predictable|understandable|consistent|navigation,"A diary participant reports difficulty with consistent navigation, causing the interface to feel inaccessible, unclear, or harder to complete with their preferred input or assistive setup.","Review the interface against WCAG 3.2.3 (AA). Ensure the design and implementation satisfy the criterion, then document the specific accessibility barrier, affected users, and concrete remediation steps.","Does the interface satisfy WCAG 3.2.3 Consistent Navigation?|Could a user relying on assistive technology, keyboard, zoom, captions, or alternative input complete the task?|Is the issue testable and tied to a concrete page, component, or interaction?",True
Web Content Accessibility Guidelines (WCAG) 2.2,"W3C accessibility framework for making web content perceivable, operable, understandable, and robust for users with disabilities and generally more usable for all users.",WCAG,W3C - https://www.w3.org/TR/WCAG22/,2.2 - W3C Recommendation 12 December 2024,True,3.2.4,3.2.4 Consistent Identification (Level AA),Principle: Understandable. Guideline 3.2 Predictable: Make pages appear and operate in predictable ways. Criterion: Components with the same functionality are identified consistently across a set of pages.,consistent identification|wcag 3.2.4|wcag AA|predictable|understandable|consistent|identification,"A diary participant reports difficulty with consistent identification, causing the interface to feel inaccessible, unclear, or harder to complete with their preferred input or assistive setup.","Review the interface against WCAG 3.2.4 (AA). Ensure the design and implementation satisfy the criterion, then document the specific accessibility barrier, affected users, and concrete remediation steps.","Does the interface satisfy WCAG 3.2.4 Consistent Identification?|Could a user relying on assistive technology, keyboard, zoom, captions, or alternative input complete the task?|Is the issue testable and tied to a concrete page, component, or interaction?",True
Web Content Accessibility Guidelines (WCAG) 2.2,"W3C accessibility framework for making web content perceivable, operable, understandable, and robust for users with disabilities and generally more usable for all users.",WCAG,W3C - https://www.w3.org/TR/WCAG22/,2.2 - W3C Recommendation 12 December 2024,True,3.2.5,3.2.5 Change on Request (Level AAA),"Principle: Understandable. Guideline 3.2 Predictable: Make pages appear and operate in predictable ways. Criterion: Changes of context occur only by user request, or a mechanism is available to turn them off.",change on request|wcag 3.2.5|wcag AAA|predictable|understandable|change on|change|on|request,"A diary participant reports difficulty with change on request, causing the interface to feel inaccessible, unclear, or harder to complete with their preferred input or assistive setup.","Review the interface against WCAG 3.2.5 (AAA). Ensure the design and implementation satisfy the criterion, then document the specific accessibility barrier, affected users, and concrete remediation steps.","Does the interface satisfy WCAG 3.2.5 Change on Request?|Could a user relying on assistive technology, keyboard, zoom, captions, or alternative input complete the task?|Is the issue testable and tied to a concrete page, component, or interaction?|Is this criterion required for the project scope, or should it be treated as aspirational guidance?",True
Web Content Accessibility Guidelines (WCAG) 2.2,"W3C accessibility framework for making web content perceivable, operable, understandable, and robust for users with disabilities and generally more usable for all users.",WCAG,W3C - https://www.w3.org/TR/WCAG22/,2.2 - W3C Recommendation 12 December 2024,True,3.2.6,3.2.6 Consistent Help (Level A),Principle: Understandable. Guideline 3.2 Predictable: Make pages appear and operate in predictable ways. Criterion: Repeated help mechanisms appear in the same relative order across pages unless the user initiates a change.,consistent help|wcag 3.2.6|wcag A|predictable|understandable|consistent|help,"A diary participant reports difficulty with consistent help, causing the interface to feel inaccessible, unclear, or harder to complete with their preferred input or assistive setup.","Review the interface against WCAG 3.2.6 (A). Ensure the design and implementation satisfy the criterion, then document the specific accessibility barrier, affected users, and concrete remediation steps.","Does the interface satisfy WCAG 3.2.6 Consistent Help?|Could a user relying on assistive technology, keyboard, zoom, captions, or alternative input complete the task?|Is the issue testable and tied to a concrete page, component, or interaction?",True
Web Content Accessibility Guidelines (WCAG) 2.2,"W3C accessibility framework for making web content perceivable, operable, understandable, and robust for users with disabilities and generally more usable for all users.",WCAG,W3C - https://www.w3.org/TR/WCAG22/,2.2 - W3C Recommendation 12 December 2024,True,3.3.1,3.3.1 Error Identification (Level A),Principle: Understandable. Guideline 3.3 Input Assistance: Help users avoid and correct mistakes. Criterion: Automatically detected input errors identify the item in error and describe the error in text.,error identification|wcag 3.3.1|wcag A|input assistance|understandable|error|identification|error message|input error|form validation,"A diary participant reports difficulty with error identification, causing the interface to feel inaccessible, unclear, or harder to complete with their preferred input or assistive setup.","Review the interface against WCAG 3.3.1 (A). Ensure the design and implementation satisfy the criterion, then document the specific accessibility barrier, affected users, and concrete remediation steps.","Does the interface satisfy WCAG 3.3.1 Error Identification?|Could a user relying on assistive technology, keyboard, zoom, captions, or alternative input complete the task?|Is the issue testable and tied to a concrete page, component, or interaction?",True
Web Content Accessibility Guidelines (WCAG) 2.2,"W3C accessibility framework for making web content perceivable, operable, understandable, and robust for users with disabilities and generally more usable for all users.",WCAG,W3C - https://www.w3.org/TR/WCAG22/,2.2 - W3C Recommendation 12 December 2024,True,3.3.2,3.3.2 Labels or Instructions (Level A),Principle: Understandable. Guideline 3.3 Input Assistance: Help users avoid and correct mistakes. Criterion: Labels or instructions are provided when content requires user input.,labels or instructions|wcag 3.3.2|wcag A|input assistance|understandable|labels or|labels|or|instructions|form labels|input instructions|field guidance,"A diary participant reports difficulty with labels or instructions, causing the interface to feel inaccessible, unclear, or harder to complete with their preferred input or assistive setup.","Review the interface against WCAG 3.3.2 (A). Ensure the design and implementation satisfy the criterion, then document the specific accessibility barrier, affected users, and concrete remediation steps.","Does the interface satisfy WCAG 3.3.2 Labels or Instructions?|Could a user relying on assistive technology, keyboard, zoom, captions, or alternative input complete the task?|Is the issue testable and tied to a concrete page, component, or interaction?",True
Web Content Accessibility Guidelines (WCAG) 2.2,"W3C accessibility framework for making web content perceivable, operable, understandable, and robust for users with disabilities and generally more usable for all users.",WCAG,W3C - https://www.w3.org/TR/WCAG22/,2.2 - W3C Recommendation 12 December 2024,True,3.3.3,3.3.3 Error Suggestion (Level AA),"Principle: Understandable. Guideline 3.3 Input Assistance: Help users avoid and correct mistakes. Criterion: When input errors are detected and suggestions are known, suggestions are provided unless doing so risks security or purpose.",error suggestion|wcag 3.3.3|wcag AA|input assistance|understandable|error|suggestion,"A diary participant reports difficulty with error suggestion, causing the interface to feel inaccessible, unclear, or harder to complete with their preferred input or assistive setup.","Review the interface against WCAG 3.3.3 (AA). Ensure the design and implementation satisfy the criterion, then document the specific accessibility barrier, affected users, and concrete remediation steps.","Does the interface satisfy WCAG 3.3.3 Error Suggestion?|Could a user relying on assistive technology, keyboard, zoom, captions, or alternative input complete the task?|Is the issue testable and tied to a concrete page, component, or interaction?",True
Web Content Accessibility Guidelines (WCAG) 2.2,"W3C accessibility framework for making web content perceivable, operable, understandable, and robust for users with disabilities and generally more usable for all users.",WCAG,W3C - https://www.w3.org/TR/WCAG22/,2.2 - W3C Recommendation 12 December 2024,True,3.3.4,"3.3.4 Error Prevention (Legal, Financial, Data) (Level AA)","Principle: Understandable. Guideline 3.3 Input Assistance: Help users avoid and correct mistakes. Criterion: For legal, financial, data, or test-response submissions, users can reverse, check, or confirm information before finalizing.","error prevention (legal, financial, data)|wcag 3.3.4|wcag AA|input assistance|understandable|error prevention|error|prevention","A diary participant reports difficulty with error prevention (legal, financial, data), causing the interface to feel inaccessible, unclear, or harder to complete with their preferred input or assistive setup.","Review the interface against WCAG 3.3.4 (AA). Ensure the design and implementation satisfy the criterion, then document the specific accessibility barrier, affected users, and concrete remediation steps.","Does the interface satisfy WCAG 3.3.4 Error Prevention (Legal, Financial, Data)?|Could a user relying on assistive technology, keyboard, zoom, captions, or alternative input complete the task?|Is the issue testable and tied to a concrete page, component, or interaction?",True
Web Content Accessibility Guidelines (WCAG) 2.2,"W3C accessibility framework for making web content perceivable, operable, understandable, and robust for users with disabilities and generally more usable for all users.",WCAG,W3C - https://www.w3.org/TR/WCAG22/,2.2 - W3C Recommendation 12 December 2024,True,3.3.5,3.3.5 Help (Level AAA),Principle: Understandable. Guideline 3.3 Input Assistance: Help users avoid and correct mistakes. Criterion: Context-sensitive help is available.,help|wcag 3.3.5|wcag AAA|input assistance|understandable,"A diary participant reports difficulty with help, causing the interface to feel inaccessible, unclear, or harder to complete with their preferred input or assistive setup.","Review the interface against WCAG 3.3.5 (AAA). Ensure the design and implementation satisfy the criterion, then document the specific accessibility barrier, affected users, and concrete remediation steps.","Does the interface satisfy WCAG 3.3.5 Help?|Could a user relying on assistive technology, keyboard, zoom, captions, or alternative input complete the task?|Is the issue testable and tied to a concrete page, component, or interaction?|Is this criterion required for the project scope, or should it be treated as aspirational guidance?",True
Web Content Accessibility Guidelines (WCAG) 2.2,"W3C accessibility framework for making web content perceivable, operable, understandable, and robust for users with disabilities and generally more usable for all users.",WCAG,W3C - https://www.w3.org/TR/WCAG22/,2.2 - W3C Recommendation 12 December 2024,True,3.3.6,3.3.6 Error Prevention (All) (Level AAA),"Principle: Understandable. Guideline 3.3 Input Assistance: Help users avoid and correct mistakes. Criterion: For pages requiring user-submitted information, users can reverse, check, or confirm information before finalizing.",error prevention (all)|wcag 3.3.6|wcag AAA|input assistance|understandable|error prevention|error|prevention,"A diary participant reports difficulty with error prevention (all), causing the interface to feel inaccessible, unclear, or harder to complete with their preferred input or assistive setup.","Review the interface against WCAG 3.3.6 (AAA). Ensure the design and implementation satisfy the criterion, then document the specific accessibility barrier, affected users, and concrete remediation steps.","Does the interface satisfy WCAG 3.3.6 Error Prevention (All)?|Could a user relying on assistive technology, keyboard, zoom, captions, or alternative input complete the task?|Is the issue testable and tied to a concrete page, component, or interaction?|Is this criterion required for the project scope, or should it be treated as aspirational guidance?",True
Web Content Accessibility Guidelines (WCAG) 2.2,"W3C accessibility framework for making web content perceivable, operable, understandable, and robust for users with disabilities and generally more usable for all users.",WCAG,W3C - https://www.w3.org/TR/WCAG22/,2.2 - W3C Recommendation 12 December 2024,True,3.3.7,3.3.7 Redundant Entry (Level A),Principle: Understandable. Guideline 3.3 Input Assistance: Help users avoid and correct mistakes. Criterion: Information already entered or provided in the same process is auto-populated or available for selection unless exceptions apply.,redundant entry|wcag 3.3.7|wcag A|input assistance|understandable|redundant|entry|duplicate input|auto populate,"A diary participant reports difficulty with redundant entry, causing the interface to feel inaccessible, unclear, or harder to complete with their preferred input or assistive setup.","Review the interface against WCAG 3.3.7 (A). Ensure the design and implementation satisfy the criterion, then document the specific accessibility barrier, affected users, and concrete remediation steps.","Does the interface satisfy WCAG 3.3.7 Redundant Entry?|Could a user relying on assistive technology, keyboard, zoom, captions, or alternative input complete the task?|Is the issue testable and tied to a concrete page, component, or interaction?",True
Web Content Accessibility Guidelines (WCAG) 2.2,"W3C accessibility framework for making web content perceivable, operable, understandable, and robust for users with disabilities and generally more usable for all users.",WCAG,W3C - https://www.w3.org/TR/WCAG22/,2.2 - W3C Recommendation 12 December 2024,True,3.3.8,3.3.8 Accessible Authentication (Minimum) (Level AA),"Principle: Understandable. Guideline 3.3 Input Assistance: Help users avoid and correct mistakes. Criterion: Authentication does not require a cognitive function test unless an accessible alternative, assistance mechanism, object recognition, or personal-content method is available.",accessible authentication (minimum)|wcag 3.3.8|wcag AA|input assistance|understandable|accessible authentication|accessible|authentication,"A diary participant reports difficulty with accessible authentication (minimum), causing the interface to feel inaccessible, unclear, or harder to complete with their preferred input or assistive setup.","Review the interface against WCAG 3.3.8 (AA). Ensure the design and implementation satisfy the criterion, then document the specific accessibility barrier, affected users, and concrete remediation steps.","Does the interface satisfy WCAG 3.3.8 Accessible Authentication (Minimum)?|Could a user relying on assistive technology, keyboard, zoom, captions, or alternative input complete the task?|Is the issue testable and tied to a concrete page, component, or interaction?",True
Web Content Accessibility Guidelines (WCAG) 2.2,"W3C accessibility framework for making web content perceivable, operable, understandable, and robust for users with disabilities and generally more usable for all users.",WCAG,W3C - https://www.w3.org/TR/WCAG22/,2.2 - W3C Recommendation 12 December 2024,True,3.3.9,3.3.9 Accessible Authentication (Enhanced) (Level AAA),Principle: Understandable. Guideline 3.3 Input Assistance: Help users avoid and correct mistakes. Criterion: Authentication does not require a cognitive function test unless an accessible alternative or assistance mechanism is available.,accessible authentication (enhanced)|wcag 3.3.9|wcag AAA|input assistance|understandable|accessible authentication|accessible|authentication,"A diary participant reports difficulty with accessible authentication (enhanced), causing the interface to feel inaccessible, unclear, or harder to complete with their preferred input or assistive setup.","Review the interface against WCAG 3.3.9 (AAA). Ensure the design and implementation satisfy the criterion, then document the specific accessibility barrier, affected users, and concrete remediation steps.","Does the interface satisfy WCAG 3.3.9 Accessible Authentication (Enhanced)?|Could a user relying on assistive technology, keyboard, zoom, captions, or alternative input complete the task?|Is the issue testable and tied to a concrete page, component, or interaction?|Is this criterion required for the project scope, or should it be treated as aspirational guidance?",True
Web Content Accessibility Guidelines (WCAG) 2.2,"W3C accessibility framework for making web content perceivable, operable, understandable, and robust for users with disabilities and generally more usable for all users.",WCAG,W3C - https://www.w3.org/TR/WCAG22/,2.2 - W3C Recommendation 12 December 2024,True,4.1.1,4.1.1 Parsing (Obsolete and removed) (Obsolete),Principle: Robust. Guideline 4.1 Compatible: Maximize compatibility with current and future user agents and assistive technologies. Criterion: This success criterion has been removed in WCAG 2.2 because the original assistive-technology parsing issue is no longer applicable.,parsing (obsolete and removed)|wcag 4.1.1|wcag NA|compatible|robust|parsing,"A diary participant reports difficulty with parsing (obsolete and removed), causing the interface to feel inaccessible, unclear, or harder to complete with their preferred input or assistive setup.","Do not treat this removed WCAG 2.2 criterion as an active recommendation target. Prefer related compatibility checks such as Name, Role, Value and Status Messages.","Does the interface satisfy WCAG 4.1.1 Parsing (Obsolete and removed)?|Could a user relying on assistive technology, keyboard, zoom, captions, or alternative input complete the task?|Is the issue testable and tied to a concrete page, component, or interaction?|Is this criterion required for the project scope, or should it be treated as aspirational guidance?",False
Web Content Accessibility Guidelines (WCAG) 2.2,"W3C accessibility framework for making web content perceivable, operable, understandable, and robust for users with disabilities and generally more usable for all users.",WCAG,W3C - https://www.w3.org/TR/WCAG22/,2.2 - W3C Recommendation 12 December 2024,True,4.1.2,"4.1.2 Name, Role, Value (Level A)","Principle: Robust. Guideline 4.1 Compatible: Maximize compatibility with current and future user agents and assistive technologies. Criterion: Interface component names and roles can be programmatically determined; user-settable states, properties, and values can be set programmatically; and changes are exposed to user agents.","name, role, value|wcag 4.1.2|wcag A|compatible|robust|name role|name|role|value|aria|name role value|screen reader compatibility","A diary participant reports difficulty with name, role, value, causing the interface to feel inaccessible, unclear, or harder to complete with their preferred input or assistive setup.","Review the interface against WCAG 4.1.2 (A). Ensure the design and implementation satisfy the criterion, then document the specific accessibility barrier, affected users, and concrete remediation steps.","Does the interface satisfy WCAG 4.1.2 Name, Role, Value?|Could a user relying on assistive technology, keyboard, zoom, captions, or alternative input complete the task?|Is the issue testable and tied to a concrete page, component, or interaction?",True
Web Content Accessibility Guidelines (WCAG) 2.2,"W3C accessibility framework for making web content perceivable, operable, understandable, and robust for users with disabilities and generally more usable for all users.",WCAG,W3C - https://www.w3.org/TR/WCAG22/,2.2 - W3C Recommendation 12 December 2024,True,4.1.3,4.1.3 Status Messages (Level AA),Principle: Robust. Guideline 4.1 Compatible: Maximize compatibility with current and future user agents and assistive technologies. Criterion: Status messages can be programmatically determined so assistive technologies can present them without moving focus.,status messages|wcag 4.1.3|wcag AA|compatible|robust|status|messages|status message|live region|assistive notification,"A diary participant reports difficulty with status messages, causing the interface to feel inaccessible, unclear, or harder to complete with their preferred input or assistive setup.","Review the interface against WCAG 4.1.3 (AA). Ensure the design and implementation satisfy the criterion, then document the specific accessibility barrier, affected users, and concrete remediation steps.","Does the interface satisfy WCAG 4.1.3 Status Messages?|Could a user relying on assistive technology, keyboard, zoom, captions, or alternative input complete the task?|Is the issue testable and tied to a concrete page, component, or interaction?",True
